diff --git a/Code/ML/__init__.py b/Code/ML/__init__.py
new file mode 100644
index 0000000..e69de29
diff --git a/Code/ML/data/normal.csv b/Code/ML/data/normal.csv
new file mode 100644
index 0000000..1aa9b95
--- /dev/null
+++ b/Code/ML/data/normal.csv
@@ -0,0 +1,326 @@
+Time,Pressure,Volume,PhysicalFlow,CalcFlow,Mode,RR,TV,IERatio,PIP
+63.32823157310486,-0.03,0.0,-59.3,6.9,VCV,15,500,1:2,20
+63.56171941757202,-0.03,42.9,-62.9,17.9,VCV,15,500,1:2,20
+63.813857555389404,0.52,142.6,-40.9,43.3,VCV,15,500,1:2,20
+64.06394219398499,4.3,305.5,-35.1,45.0,VCV,15,500,1:2,20
+64.31492972373962,16.28,434.3,-38.1,23.6,VCV,15,500,1:2,20
+64.56498074531555,22.61,490.2,-46.4,9.4,VCV,15,500,1:2,20
+64.81502366065979,22.81,480.0,-26.4,-9.0,VCV,15,500,1:2,20
+65.06512761116028,15.2,438.9,-7.0,-13.3,VCV,15,500,1:2,20
+65.31528925895691,7.88,380.3,-6.1,-19.4,VCV,15,500,1:2,20
+65.56525301933289,5.09,299.1,-4.3,-22.5,VCV,15,500,1:2,20
+65.81684112548828,2.65,214.6,-4.8,-22.5,VCV,15,500,1:2,20
+66.06777000427246,1.45,130.6,-1.8,-20.5,VCV,15,500,1:2,20
+66.31757640838623,0.79,67.8,-3.7,-14.0,VCV,15,500,1:2,20
+66.56799960136414,0.68,24.5,-30.3,-9.5,VCV,15,500,1:2,20
+66.81779098510742,0.45,0.0,-25.9,0.0,VCV,15,500,1:2,20
+67.0679063796997,0.41,0.0,-10.9,0.0,VCV,15,500,1:2,20
+67.34278512001038,0.37,0.0,-5.0,6.9,VCV,15,500,1:2,20
+67.5780770778656,0.29,42.9,-30.2,17.9,VCV,15,500,1:2,20
+67.82821464538574,0.49,142.6,-23.4,43.3,VCV,15,500,1:2,20
+68.07832908630371,6.06,305.5,-25.6,45.0,VCV,15,500,1:2,20
+68.36048936843872,14.14,434.3,-11.1,23.6,VCV,15,500,1:2,20
+68.60798454284668,23.14,489.7,-34.3,9.5,VCV,15,500,1:2,20
+68.85796070098877,24.7,480.0,-90.0,-9.0,VCV,15,500,1:2,20
+69.10825514793396,17.53,438.5,-77.7,-13.3,VCV,15,500,1:2,20
+69.3597640991211,9.23,379.4,-34.0,-19.5,VCV,15,500,1:2,20
+69.60980439186096,4.87,299.5,-12.2,-22.5,VCV,15,500,1:2,20
+69.8599123954773,2.98,214.2,-4.6,-22.5,VCV,15,500,1:2,20
+70.11069703102112,1.54,129.7,1.4,-20.4,VCV,15,500,1:2,20
+70.36073088645935,1.02,67.4,0.5,-13.9,VCV,15,500,1:2,20
+70.61099123954773,0.58,24.5,-18.7,-9.5,VCV,15,500,1:2,20
+70.86078143119812,0.35,0.0,-24.5,0.0,VCV,15,500,1:2,20
+71.11095857620239,0.23,0.0,-13.3,0.0,VCV,15,500,1:2,20
+71.39283275604248,0.16,0.0,-0.3,6.9,VCV,15,500,1:2,20
+71.62561178207397,0.1,41.1,-28.7,17.4,VCV,15,500,1:2,20
+71.87600421905518,0.18,139.8,-34.8,42.6,VCV,15,500,1:2,20
+72.12603688240051,5.82,302.3,-32.3,45.0,VCV,15,500,1:2,20
+72.37839818000793,14.04,432.5,-39.5,24.1,VCV,15,500,1:2,20
+72.62847781181335,21.64,489.7,14.7,9.5,VCV,15,500,1:2,20
+72.87860178947449,24.33,480.0,-33.8,-9.0,VCV,15,500,1:2,20
+73.12882971763611,19.38,438.9,-65.1,-13.3,VCV,15,500,1:2,20
+73.37899041175842,10.07,379.8,-41.4,-19.4,VCV,15,500,1:2,20
+73.62889528274536,5.36,299.5,-14.1,-22.5,VCV,15,500,1:2,20
+73.87899518013,2.75,213.7,-5.3,-22.5,VCV,15,500,1:2,20
+74.12971687316895,1.75,130.2,2.4,-20.5,VCV,15,500,1:2,20
+74.3813202381134,1.01,67.8,0.9,-14.0,VCV,15,500,1:2,20
+74.63155364990234,0.64,24.9,-28.3,-9.5,VCV,15,500,1:2,20
+74.8812837600708,0.46,0.0,-20.3,0.0,VCV,15,500,1:2,20
+75.13141584396362,0.38,0.0,-9.7,0.0,VCV,15,500,1:2,20
+75.40717053413391,0.33,0.0,-9.4,6.9,VCV,15,500,1:2,20
+75.6470079421997,0.3,41.1,-21.2,17.4,VCV,15,500,1:2,20
+75.89710354804993,0.31,138.9,-20.6,42.3,VCV,15,500,1:2,20
+76.14723539352417,4.15,301.8,-22.5,45.0,VCV,15,500,1:2,20
+76.40202856063843,15.63,431.5,-62.3,24.3,VCV,15,500,1:2,20
+76.64836263656616,22.22,489.2,-57.2,9.6,VCV,15,500,1:2,20
+76.89825868606567,24.1,479.5,-89.9,-9.0,VCV,15,500,1:2,20
+77.14847087860107,17.53,438.5,-82.4,-13.3,VCV,15,500,1:2,20
+77.40398693084717,9.12,378.9,-33.8,-19.5,VCV,15,500,1:2,20
+77.6497962474823,4.66,298.6,-14.7,-22.5,VCV,15,500,1:2,20
+77.89975881576538,3.01,213.2,-5.6,-22.5,VCV,15,500,1:2,20
+78.14972734451294,1.5,129.7,4.0,-20.4,VCV,15,500,1:2,20
+78.40394496917725,0.78,67.4,0.5,-13.9,VCV,15,500,1:2,20
+78.64993500709534,0.55,24.5,-34.1,-9.5,VCV,15,500,1:2,20
+78.89976668357849,0.34,0.0,-28.9,0.0,VCV,15,500,1:2,20
+79.15012550354004,0.24,0.0,-12.0,0.0,VCV,15,500,1:2,20
+79.42811870574951,0.22,0.0,-5.3,6.9,VCV,15,500,1:2,20
+79.66585731506348,0.15,41.1,-33.6,17.4,VCV,15,500,1:2,20
+79.9189043045044,0.25,138.9,-32.7,42.3,VCV,15,500,1:2,20
+80.16879105567932,5.32,301.4,-27.1,45.0,VCV,15,500,1:2,20
+80.41879844665527,13.27,431.1,12.7,24.5,VCV,15,500,1:2,20
+80.66906118392944,21.3,488.8,-40.5,9.7,VCV,15,500,1:2,20
+80.9189875125885,24.33,480.0,-63.9,-8.9,VCV,15,500,1:2,20
+81.16899371147156,15.91,438.5,-78.8,-13.3,VCV,15,500,1:2,20
+81.41934204101562,10.11,379.4,-38.9,-19.4,VCV,15,500,1:2,20
+81.6696708202362,5.01,298.6,-15.2,-22.5,VCV,15,500,1:2,20
+81.92178583145142,2.45,213.7,0.3,-22.5,VCV,15,500,1:2,20
+82.17182064056396,1.48,130.2,-0.8,-20.5,VCV,15,500,1:2,20
+82.42296767234802,0.73,67.4,-0.3,-13.9,VCV,15,500,1:2,20
+82.67227292060852,0.39,24.0,-21.1,-9.4,VCV,15,500,1:2,20
+82.92303729057312,0.25,0.0,-24.0,0.0,VCV,15,500,1:2,20
+83.17340993881226,0.2,0.0,-9.1,0.0,VCV,15,500,1:2,20
+83.45067644119263,1118.61,0.0,-3.7,6.9,VCV,15,500,1:2,20
+83.68794417381287,0.06,41.1,-32.3,17.4,VCV,15,500,1:2,20
+83.93831539154053,0.24,138.9,-30.0,42.3,VCV,15,500,1:2,20
+84.18867802619934,3.76,301.8,-18.6,45.0,VCV,15,500,1:2,20
+84.44494605064392,15.43,431.5,-51.8,24.3,VCV,15,500,1:2,20
+84.69083023071289,22.26,488.3,-60.0,9.9,VCV,15,500,1:2,20
+84.94102478027344,24.27,479.5,-70.6,-9.0,VCV,15,500,1:2,20
+85.19104385375977,18.24,438.0,-32.1,-13.3,VCV,15,500,1:2,20
+85.44504189491272,9.32,378.0,-10.8,-19.6,VCV,15,500,1:2,20
+85.69090485572815,4.44,297.2,-4.1,-22.5,VCV,15,500,1:2,20
+85.94115734100342,2.63,211.8,-1.5,-22.5,VCV,15,500,1:2,20
+86.19384145736694,1.19,128.8,2.6,-20.3,VCV,15,500,1:2,20
+86.44782590866089,0.57,66.9,0.8,-13.9,VCV,15,500,1:2,20
+86.69405102729797,0.31,24.0,-32.7,-9.4,VCV,15,500,1:2,20
+86.94390058517456,0.24,0.0,-26.3,0.0,VCV,15,500,1:2,20
+87.19387674331665,0.2,0.0,-17.6,0.0,VCV,15,500,1:2,20
+87.44797682762146,0.16,0.0,-7.7,0.0,VCV,15,500,1:2,20
+87.69535708427429,0.15,36.5,-22.7,16.2,VCV,15,500,1:2,20
+87.94705867767334,0.15,129.2,-16.0,39.9,VCV,15,500,1:2,20
+88.19679737091064,5.12,291.2,-17.2,45.0,VCV,15,500,1:2,20
+88.45116019248962,16.53,426.5,-13.6,25.6,VCV,15,500,1:2,20
+88.69705891609192,21.17,486.9,-23.6,10.2,VCV,15,500,1:2,20
+88.94697594642639,24.23,483.7,-10.1,-8.6,VCV,15,500,1:2,20
+89.19699263572693,20.53,444.0,-16.3,-12.7,VCV,15,500,1:2,20
+89.44733214378357,11.02,387.7,-21.0,-18.6,VCV,15,500,1:2,20
+89.69760847091675,5.4,309.7,-7.5,-22.5,VCV,15,500,1:2,20
+89.94982933998108,2.57,223.8,-2.8,-22.5,VCV,15,500,1:2,20
+90.2000560760498,1.56,138.9,2.9,-21.4,VCV,15,500,1:2,20
+90.45027589797974,0.74,74.3,1.1,-14.7,VCV,15,500,1:2,20
+90.70061373710632,0.4,29.5,-24.9,-10.0,VCV,15,500,1:2,20
+90.95154976844788,0.24,0.0,-25.2,0.0,VCV,15,500,1:2,20
+91.20311236381531,0.19,0.0,-13.0,0.0,VCV,15,500,1:2,20
+91.45334148406982,0.13,0.0,-7.0,0.0,VCV,15,500,1:2,20
+91.70306253433228,0.12,38.3,-32.0,16.7,VCV,15,500,1:2,20
+91.95318269729614,0.14,132.5,-16.6,40.7,VCV,15,500,1:2,20
+92.20327734947205,3.9,295.8,-23.1,45.0,VCV,15,500,1:2,20
+92.45369267463684,15.41,428.8,-30.2,25.0,VCV,15,500,1:2,20
+92.70328760147095,22.06,487.4,-6.4,10.1,VCV,15,500,1:2,20
+92.95620799064636,23.96,482.3,-38.6,-8.7,VCV,15,500,1:2,20
+93.20670056343079,18.13,441.7,-20.2,-13.0,VCV,15,500,1:2,20
+93.45676898956299,12.03,383.5,-18.6,-19.0,VCV,15,500,1:2,20
+93.70612406730652,5.03,303.2,-10.0,-22.5,VCV,15,500,1:2,20
+93.95629739761353,3.15,216.9,-3.8,-22.5,VCV,15,500,1:2,20
+94.20629644393921,1.54,133.4,1.7,-20.8,VCV,15,500,1:2,20
+94.45619487762451,0.99,69.7,0.7,-14.2,VCV,15,500,1:2,20
+94.70928406715393,0.53,26.3,-30.3,-9.7,VCV,15,500,1:2,20
+94.9590756893158,0.29,0.0,-24.8,0.0,VCV,15,500,1:2,20
+95.20904088020325,0.18,0.0,-14.3,0.0,VCV,15,500,1:2,20
+95.45899081230164,0.14,0.0,-5.4,0.0,VCV,15,500,1:2,20
+95.70929455757141,0.11,36.0,-30.2,16.1,VCV,15,500,1:2,20
+95.95931649208069,0.19,128.3,-27.0,39.7,VCV,15,500,1:2,20
+96.20923256874084,2.61,288.9,-23.3,45.0,VCV,15,500,1:2,20
+96.45958256721497,13.55,424.2,-53.7,26.2,VCV,15,500,1:2,20
+96.71225571632385,21.32,486.0,-8.0,10.5,VCV,15,500,1:2,20
+96.96218585968018,24.19,482.8,-32.6,-8.7,VCV,15,500,1:2,20
+97.21217966079712,19.76,442.2,-23.2,-12.9,VCV,15,500,1:2,20
+97.46240425109863,10.46,384.0,-23.9,-19.0,VCV,15,500,1:2,20
+97.71228837966919,5.23,304.2,-5.0,-22.5,VCV,15,500,1:2,20
+97.96225023269653,2.5,218.3,5.2,-22.5,VCV,15,500,1:2,20
+98.21255302429199,1.52,133.8,2.0,-20.9,VCV,15,500,1:2,20
+98.46519684791565,0.75,70.2,-1.3,-14.2,VCV,15,500,1:2,20
+98.71551251411438,0.39,26.3,-30.8,-9.7,VCV,15,500,1:2,20
+98.96535181999207,0.24,0.0,-27.1,0.0,VCV,15,500,1:2,20
+99.21526908874512,0.14,0.0,-10.2,0.0,VCV,15,500,1:2,20
+99.46522974967957,0.09,0.0,-20.4,0.0,VCV,15,500,1:2,20
+99.71526980400085,0.07,34.2,-34.1,15.6,VCV,15,500,1:2,20
+99.96668887138367,0.11,123.7,-22.2,38.5,VCV,15,500,1:2,20
+100.21517133712769,3.82,283.4,-13.7,45.0,VCV,15,500,1:2,20
+100.4682846069336,11.37,421.8,-24.9,26.8,VCV,15,500,1:2,20
+100.71818923950195,20.39,485.1,-58.2,10.7,VCV,15,500,1:2,20
+100.96838712692261,23.91,484.2,-35.1,-8.6,VCV,15,500,1:2,20
+101.2183907032013,17.73,445.4,-8.1,-12.6,VCV,15,500,1:2,20
+101.46833968162537,11.57,389.5,-11.4,-18.4,VCV,15,500,1:2,20
+101.71824312210083,5.8,311.5,-3.7,-22.5,VCV,15,500,1:2,20
+101.96853542327881,2.92,225.7,-1.4,-22.5,VCV,15,500,1:2,20
+102.22123432159424,1.47,141.7,-1.6,-21.7,VCV,15,500,1:2,20
+102.4711480140686,0.99,75.7,-0.6,-14.8,VCV,15,500,1:2,20
+102.72145652770996,0.53,30.5,-21.3,-10.1,VCV,15,500,1:2,20
+102.97122406959534,0.3,0.0,-30.2,0.0,VCV,15,500,1:2,20
+103.22118782997131,0.24,0.0,-11.4,0.0,VCV,15,500,1:2,20
+103.47117328643799,0.18,0.0,-4.3,0.0,VCV,15,500,1:2,20
+103.72138166427612,0.13,31.8,-32.7,15.0,VCV,15,500,1:2,20
+103.97423481941223,0.19,118.6,-29.6,37.2,VCV,15,500,1:2,20
+104.22436666488647,2.58,276.5,-22.3,45.0,VCV,15,500,1:2,20
+104.47511744499207,13.66,418.2,-74.5,27.7,VCV,15,500,1:2,20
+104.7246663570404,21.41,483.2,9.7,11.2,VCV,15,500,1:2,20
+104.97458505630493,23.64,485.5,-1.1,-8.4,VCV,15,500,1:2,20
+105.22763299942017,19.83,446.8,-64.7,-12.5,VCV,15,500,1:2,20
+105.47758054733276,10.55,390.9,-27.2,-18.3,VCV,15,500,1:2,20
+105.7274968624115,5.47,313.8,-13.5,-22.5,VCV,15,500,1:2,20
+105.97744178771973,3.52,228.9,-8.6,-22.5,VCV,15,500,1:2,20
+106.22741889953613,1.8,144.0,5.1,-21.9,VCV,15,500,1:2,20
+106.4776930809021,0.96,77.5,1.9,-15.0,VCV,15,500,1:2,20
+106.72804236412048,0.56,31.4,-20.5,-10.2,VCV,15,500,1:2,20
+106.97881865501404,0.41,0.0,-22.7,0.0,VCV,15,500,1:2,20
+107.22904229164124,0.29,0.0,-12.0,0.0,VCV,15,500,1:2,20
+107.50954747200012,0.23,0.0,-5.4,0.0,VCV,15,500,1:2,20
+107.75910782814026,0.16,30.0,-17.8,14.6,VCV,15,500,1:2,20
+108.00937700271606,0.16,112.2,-33.5,35.5,VCV,15,500,1:2,20
+108.25931787490845,3.15,267.7,-29.7,45.0,VCV,15,500,1:2,20
+108.50932502746582,14.35,411.7,-46.9,29.4,VCV,15,500,1:2,20
+108.75971674919128,19.93,480.9,-34.5,11.7,VCV,15,500,1:2,20
+109.01224088668823,23.68,487.4,-53.5,-8.2,VCV,15,500,1:2,20
+109.26228427886963,19.46,449.5,-65.2,-12.2,VCV,15,500,1:2,20
+109.51220059394836,10.44,395.1,-35.8,-17.8,VCV,15,500,1:2,20
+109.76263737678528,6.66,317.5,0.5,-22.5,VCV,15,500,1:2,20
+110.01336622238159,3.52,232.6,7.3,-22.5,VCV,15,500,1:2,20
+110.26235294342041,1.84,146.8,2.7,-22.2,VCV,15,500,1:2,20
+110.51270914077759,1.24,79.8,1.0,-15.2,VCV,15,500,1:2,20
+110.76531195640564,0.69,32.8,-24.6,-10.3,VCV,15,500,1:2,20
+111.01538753509521,0.44,0.0,-23.4,-6.9,VCV,15,500,1:2,20
+111.26505875587463,0.29,0.0,-8.8,0.0,VCV,15,500,1:2,20
+111.51504278182983,0.23,0.0,-3.3,0.0,VCV,15,500,1:2,20
+111.76532673835754,0.16,26.8,-26.5,13.7,VCV,15,500,1:2,20
+112.01534938812256,0.18,108.5,-30.6,34.6,VCV,15,500,1:2,20
+112.26525259017944,1.94,263.1,-16.5,45.0,VCV,15,500,1:2,20
+112.51563858985901,12.34,408.0,-18.0,30.3,VCV,15,500,1:2,20
+112.76829838752747,20.84,479.1,-45.9,12.2,VCV,15,500,1:2,20
+113.01821732521057,23.35,488.8,-6.0,-8.1,VCV,15,500,1:2,20
+113.26820874214172,21.12,451.8,-114.9,-11.9,VCV,15,500,1:2,20
+113.5184395313263,11.26,398.3,-43.1,-17.5,VCV,15,500,1:2,20
+113.76833772659302,5.88,322.2,-17.2,-22.5,VCV,15,500,1:2,20
+114.01826000213623,3.76,237.2,4.8,-22.5,VCV,15,500,1:2,20
+114.26861763000488,1.97,151.8,0.7,-22.5,VCV,15,500,1:2,20
+114.5189299583435,1.09,83.5,0.4,-15.6,VCV,15,500,1:2,20
+114.7712242603302,0.66,35.5,-14.5,-10.6,VCV,15,500,1:2,20
+115.02116084098816,0.5,2.3,-27.5,-7.2,VCV,15,500,1:2,20
+115.27206015586853,0.34,0.0,-6.9,0.0,VCV,15,500,1:2,20
+115.52211475372314,0.26,0.0,1.5,0.0,VCV,15,500,1:2,20
+115.77123737335205,0.23,24.9,-10.2,13.3,VCV,15,500,1:2,20
+116.02160382270813,0.22,101.5,-27.7,32.8,VCV,15,500,1:2,20
+116.27195286750793,3.16,253.8,-10.4,45.0,VCV,15,500,1:2,20
+116.52830767631531,14.13,403.4,-30.4,31.5,VCV,15,500,1:2,20
+116.77421379089355,19.76,476.8,-8.1,12.8,VCV,15,500,1:2,20
+117.02436661720276,23.7,490.2,-0.6,-7.9,VCV,15,500,1:2,20
+117.27470374107361,19.55,453.2,3.2,-11.8,VCV,15,500,1:2,20
+117.52843356132507,10.51,400.2,-5.5,-17.3,VCV,15,500,1:2,20
+117.77811288833618,6.64,324.9,-8.6,-22.5,VCV,15,500,1:2,20
+118.02801895141602,3.24,239.5,1.1,-22.5,VCV,15,500,1:2,20
+118.27801847457886,2.0,154.2,-1.1,-22.5,VCV,15,500,1:2,20
+118.53128385543823,1.0,84.9,-2.4,-15.8,VCV,15,500,1:2,20
+118.78127408027649,0.52,36.5,-22.9,-10.7,VCV,15,500,1:2,20
+119.03150749206543,0.3,2.8,-34.2,-7.2,VCV,15,500,1:2,20
+119.28132557868958,0.22,0.0,-15.0,0.0,VCV,15,500,1:2,20
+119.53127336502075,0.15,0.0,-5.6,0.0,VCV,15,500,1:2,20
+119.78458762168884,0.12,23.5,-21.9,12.9,VCV,15,500,1:2,20
+120.03457355499268,0.18,99.7,-24.0,32.4,VCV,15,500,1:2,20
+120.28453516960144,2.15,251.5,-13.8,45.0,VCV,15,500,1:2,20
+120.53457498550415,12.44,401.5,-70.7,32.0,VCV,15,500,1:2,20
+120.78615164756775,20.92,476.3,7.1,12.9,VCV,15,500,1:2,20
+121.03880834579468,23.35,490.2,13.6,-7.9,VCV,15,500,1:2,20
+121.2891035079956,20.96,453.2,-66.7,-11.8,VCV,15,500,1:2,20
+121.53894019126892,11.07,401.1,-28.4,-17.2,VCV,15,500,1:2,20
+121.78788828849792,5.46,326.8,-10.2,-22.5,VCV,15,500,1:2,20
+122.03781962394714,3.43,240.9,-3.8,-22.5,VCV,15,500,1:2,20
+122.2877631187439,1.69,155.1,-1.5,-22.5,VCV,15,500,1:2,20
+122.53772306442261,1.11,84.9,2.6,-15.8,VCV,15,500,1:2,20
+122.79105114936829,0.55,37.4,-14.9,-10.8,VCV,15,500,1:2,20
+123.0409665107727,0.55,3.7,-38.9,-7.3,VCV,15,500,1:2,20
+123.29088687896729,0.45,0.0,-16.8,0.0,VCV,15,500,1:2,20
+123.54088997840881,0.45,0.0,-3.2,0.0,VCV,15,500,1:2,20
+123.7908399105072,0.46,37.8,-20.6,16.6,VCV,15,500,1:2,20
+124.04081606864929,0.28,131.5,-19.5,40.5,VCV,15,500,1:2,20
+124.29076552391052,5.57,293.5,-24.0,45.0,VCV,15,500,1:2,20
+124.54408144950867,13.95,427.8,-28.5,25.3,VCV,15,500,1:2,20
+124.79414772987366,21.96,486.9,-2.0,10.2,VCV,15,500,1:2,20
+125.04395604133606,24.7,482.8,-52.3,-8.7,VCV,15,500,1:2,20
+125.29397535324097,20.52,442.6,-16.8,-12.9,VCV,15,500,1:2,20
+125.5439178943634,10.56,384.5,-9.9,-18.9,VCV,15,500,1:2,20
+125.79381203651428,4.9,305.1,-3.2,-22.5,VCV,15,500,1:2,20
+126.0437273979187,2.19,219.2,5.9,-22.5,VCV,15,500,1:2,20
+126.29705572128296,1.3,134.3,2.2,-20.9,VCV,15,500,1:2,20
+126.54695153236389,0.59,71.1,3.6,-14.3,VCV,15,500,1:2,20
+126.7974693775177,0.3,31.4,-33.8,-10.2,VCV,15,500,1:2,20
+127.04719662666321,0.21,0.0,-26.4,0.0,VCV,15,500,1:2,20
+127.29674983024597,0.23,0.0,-11.0,0.0,VCV,15,500,1:2,20
+127.54667711257935,0.19,0.0,3.0,0.0,VCV,15,500,1:2,20
+127.79674792289734,0.15,35.1,-24.0,15.9,VCV,15,500,1:2,20
+128.04708647727966,0.14,126.0,-21.6,39.1,VCV,15,500,1:2,20
+128.29997420310974,3.75,286.6,-23.1,45.0,VCV,15,500,1:2,20
+128.55001640319824,15.35,423.2,-37.2,26.4,VCV,15,500,1:2,20
+128.79999423027039,22.29,485.5,-46.3,10.6,VCV,15,500,1:2,20
+129.04987001419067,24.26,487.4,-44.5,-8.2,VCV,15,500,1:2,20
+129.29989886283875,19.45,449.5,-55.2,-12.2,VCV,15,500,1:2,20
+129.54982733726501,12.67,394.2,-42.7,-17.9,VCV,15,500,1:2,20
+129.8002381324768,6.01,317.5,-18.4,-22.5,VCV,15,500,1:2,20
+130.0506820678711,2.7,231.7,-3.8,-22.5,VCV,15,500,1:2,20
+130.30295825004578,1.19,146.3,1.7,-22.2,VCV,15,500,1:2,20
+130.5529284477234,0.72,79.4,0.7,-15.2,VCV,15,500,1:2,20
+130.80293321609497,0.37,32.3,-20.9,-10.3,VCV,15,500,1:2,20
+131.05276107788086,0.27,0.0,-17.2,0.0,VCV,15,500,1:2,20
+131.3026988506317,0.25,0.0,-8.3,0.0,VCV,15,500,1:2,20
+131.5529305934906,0.25,0.0,-5.3,0.0,VCV,15,500,1:2,20
+131.80297660827637,0.21,33.7,-28.1,15.5,VCV,15,500,1:2,20
+132.055997133255,0.27,122.3,-32.3,38.1,VCV,15,500,1:2,20
+132.30626225471497,2.51,281.5,-15.4,45.0,VCV,15,500,1:2,20
+132.5565540790558,13.4,420.5,-12.4,27.2,VCV,15,500,1:2,20
+132.80594563484192,21.49,484.2,-20.2,10.9,VCV,15,500,1:2,20
+133.05579376220703,24.45,484.6,14.8,-8.5,VCV,15,500,1:2,20
+133.30615305900574,20.02,444.9,-15.0,-12.6,VCV,15,500,1:2,20
+133.55936217308044,10.49,388.6,-17.1,-18.5,VCV,15,500,1:2,20
+133.81004190444946,4.91,309.7,-6.7,-22.5,VCV,15,500,1:2,20
+134.059734582901,2.24,224.8,-4.5,-22.5,VCV,15,500,1:2,20
+134.31278705596924,1.46,139.4,-1.7,-21.5,VCV,15,500,1:2,20
+134.56267976760864,0.69,74.8,5.4,-14.7,VCV,15,500,1:2,20
+134.81295680999756,0.37,29.5,-18.7,-10.0,VCV,15,500,1:2,20
+135.0628068447113,0.23,0.0,-21.1,0.0,VCV,15,500,1:2,20
+135.31299829483032,0.28,0.0,-4.8,0.0,VCV,15,500,1:2,20
+135.56353950500488,0.25,0.0,-4.5,0.0,VCV,15,500,1:2,20
+135.8160276412964,0.27,33.2,-26.8,15.4,VCV,15,500,1:2,20
+136.066086769104,0.21,121.8,-20.4,38.0,VCV,15,500,1:2,20
+136.3159646987915,3.74,280.6,-27.9,45.0,VCV,15,500,1:2,20
+136.5660274028778,11.33,420.0,-58.8,27.3,VCV,15,500,1:2,20
+136.81595659255981,20.59,484.2,-5.6,10.9,VCV,15,500,1:2,20
+137.06778621673584,24.04,485.1,0.8,-8.5,VCV,15,500,1:2,20
+137.31613659858704,17.58,445.4,7.2,-12.6,VCV,15,500,1:2,20
+137.56913113594055,11.06,389.1,-8.5,-18.5,VCV,15,500,1:2,20
+137.81935811042786,5.21,310.6,-6.6,-22.5,VCV,15,500,1:2,20
+138.0693690776825,2.4,225.7,1.3,-22.5,VCV,15,500,1:2,20
+138.31895327568054,1.12,140.8,0.5,-21.6,VCV,15,500,1:2,20
+138.56888437271118,0.69,75.7,0.2,-14.8,VCV,15,500,1:2,20
+138.81917762756348,0.35,30.0,-15.0,-10.0,VCV,15,500,1:2,20
+139.07229614257812,0.2,0.0,-19.8,0.0,VCV,15,500,1:2,20
+139.32224106788635,0.15,0.0,-9.2,0.0,VCV,15,500,1:2,20
+139.57222867012024,0.09,0.0,-11.5,0.0,VCV,15,500,1:2,20
+139.8222360610962,0.06,32.3,-24.2,15.2,VCV,15,500,1:2,20
+140.07222938537598,0.09,117.7,-21.8,36.9,VCV,15,500,1:2,20
+140.3221845626831,2.5,275.5,-16.8,45.0,VCV,15,500,1:2,20
+140.57219433784485,13.73,417.2,-68.7,28.0,VCV,15,500,1:2,20
+140.82542872428894,21.41,483.2,-9.3,11.2,VCV,15,500,1:2,20
+141.0756425857544,24.24,485.5,-34.5,-8.4,VCV,15,500,1:2,20
+141.32561922073364,19.99,447.2,-25.8,-12.4,VCV,15,500,1:2,20
+141.57556676864624,10.59,391.8,-8.0,-18.2,VCV,15,500,1:2,20
+141.82548356056213,6.51,313.8,-3.0,-22.5,VCV,15,500,1:2,20
+142.0787010192871,3.2,228.5,-1.0,-22.5,VCV,15,500,1:2,20
+142.32542729377747,1.54,144.5,4.8,-22.0,VCV,15,500,1:2,20
+142.57867884635925,0.77,77.5,1.8,-15.0,VCV,15,500,1:2,20
+142.82866144180298,0.52,31.8,-19.1,-10.2,VCV,15,500,1:2,20
+143.0787787437439,0.3,0.0,-24.4,0.0,VCV,15,500,1:2,20
+143.33005666732788,0.21,0.0,-10.3,0.0,VCV,15,500,1:2,20
+143.5800380706787,0.15,0.0,-3.9,0.0,VCV,15,500,1:2,20
+143.83175420761108,0.13,29.1,-24.5,14.3,VCV,15,500,1:2,20
+144.08176589012146,0.13,109.4,-30.8,34.8,VCV,15,500,1:2,20
+144.3319308757782,3.37,264.9,-32.0,45.0,VCV,15,500,1:2,20
+144.58190536499023,10.87,410.3,-6.6,29.7,VCV,15,500,1:2,20
diff --git a/Code/ML/data/obsruct.csv b/Code/ML/data/obsruct.csv
new file mode 100644
index 0000000..db3a7b7
--- /dev/null
+++ b/Code/ML/data/obsruct.csv
@@ -0,0 +1,914 @@
+Time,Pressure,Volume,PhysicalFlow,CalcFlow,Mode,RR,TV,IERatio,PIP
+15.161739826202393,-0.03,0.0,4.8,6.9,VCV,15,500,1:2,20
+15.396288871765137,-0.03,42.9,-1.1,17.9,VCV,15,500,1:2,20
+15.64700198173523,0.04,143.1,18.7,43.4,VCV,15,500,1:2,20
+15.897753953933716,2.48,306.9,25.7,45.0,VCV,15,500,1:2,20
+16.147924423217773,14.16,434.3,42.8,23.6,VCV,15,500,1:2,20
+16.398067235946655,21.59,490.2,12.0,9.4,VCV,15,500,1:2,20
+16.648261547088623,23.79,480.0,-40.9,-9.0,VCV,15,500,1:2,20
+16.898396492004395,16.13,438.5,25.6,-13.3,VCV,15,500,1:2,20
+17.149914979934692,7.87,379.8,41.6,-19.4,VCV,15,500,1:2,20
+17.404841423034668,3.51,298.6,58.9,-22.5,VCV,15,500,1:2,20
+17.65071201324463,1.99,215.5,60.3,-22.5,VCV,15,500,1:2,20
+17.9014892578125,0.93,132.5,64.3,-20.7,VCV,15,500,1:2,20
+18.151695489883423,0.55,69.2,58.6,-14.1,VCV,15,500,1:2,20
+18.405110359191895,0.16,25.4,20.2,-9.6,VCV,15,500,1:2,20
+18.6543550491333,0.08,0.0,39.0,0.0,VCV,15,500,1:2,20
+18.90448498725891,0.04,0.0,54.3,0.0,VCV,15,500,1:2,20
+19.179019927978516,0.02,0.0,62.3,6.9,VCV,15,500,1:2,20
+19.411842823028564,-0.01,35.5,40.5,16.0,VCV,15,500,1:2,20
+19.661915063858032,-0.0,126.5,33.2,39.2,VCV,15,500,1:2,20
+19.912596225738525,4.48,288.0,34.7,45.0,VCV,15,500,1:2,20
+20.16295099258423,12.31,424.2,51.0,26.2,VCV,15,500,1:2,20
+20.415233373641968,21.47,486.0,33.6,10.5,VCV,15,500,1:2,20
+20.665160417556763,23.78,477.2,5.2,-9.0,VCV,15,500,1:2,20
+20.915432453155518,16.23,436.2,33.8,-13.3,VCV,15,500,1:2,20
+21.165634393692017,14.2,377.1,37.9,-19.5,VCV,15,500,1:2,20
+21.415611743927002,10.81,297.7,59.0,-22.5,VCV,15,500,1:2,20
+21.667782068252563,7.95,212.8,59.6,-22.5,VCV,15,500,1:2,20
+21.91796612739563,6.09,129.7,53.9,-20.5,VCV,15,500,1:2,20
+22.16807770729065,3.73,67.8,57.5,-14.0,VCV,15,500,1:2,20
+22.41822361946106,1.57,24.9,21.6,-9.5,VCV,15,500,1:2,20
+22.66800332069397,0.61,3.7,44.0,7.9,VCV,15,500,1:2,20
+22.918370723724365,0.3,52.2,29.0,20.2,VCV,15,500,1:2,20
+23.168392419815063,0.11,164.3,31.8,45.0,VCV,15,500,1:2,20
+23.418848037719727,5.72,326.8,19.0,45.0,VCV,15,500,1:2,20
+23.671574115753174,14.02,444.0,3.8,21.2,VCV,15,500,1:2,20
+23.921716690063477,21.88,494.8,46.4,8.2,VCV,15,500,1:2,20
+24.17176342010498,22.35,474.5,58.5,-9.6,VCV,15,500,1:2,20
+24.422041177749634,15.43,430.6,54.8,-14.1,VCV,15,500,1:2,20
+24.671796560287476,11.65,367.8,56.9,-20.7,VCV,15,500,1:2,20
+24.9220769405365,6.92,284.8,58.7,-22.5,VCV,15,500,1:2,20
+25.174539804458618,5.2,199.8,62.5,-22.5,VCV,15,500,1:2,20
+25.424497842788696,3.1,120.0,66.4,-19.4,VCV,15,500,1:2,20
+25.674580097198486,1.81,60.9,59.8,-13.3,VCV,15,500,1:2,20
+25.924696445465088,0.7,19.8,24.5,-9.0,VCV,15,500,1:2,20
+26.174527645111084,0.36,0.0,42.3,0.0,VCV,15,500,1:2,20
+26.424650192260742,0.11,0.0,48.7,0.0,VCV,15,500,1:2,20
+26.674548864364624,-0.01,2.3,58.2,7.5,VCV,15,500,1:2,20
+26.925188779830933,-0.04,49.4,35.8,19.5,VCV,15,500,1:2,20
+27.177441358566284,-0.04,158.8,37.0,45.0,VCV,15,500,1:2,20
+27.427462577819824,3.75,319.4,48.0,45.0,VCV,15,500,1:2,20
+27.677748203277588,15.81,440.8,37.8,22.0,VCV,15,500,1:2,20
+27.927891731262207,21.19,493.4,33.3,8.6,VCV,15,500,1:2,20
+28.177961587905884,23.94,476.8,68.4,-9.3,VCV,15,500,1:2,20
+28.43154501914978,16.52,433.8,51.7,-13.8,VCV,15,500,1:2,20
+28.681684970855713,12.62,372.9,54.9,-20.2,VCV,15,500,1:2,20
+28.93232750892639,10.17,290.8,56.2,-22.5,VCV,15,500,1:2,20
+29.184542179107666,6.59,205.8,61.2,-22.5,VCV,15,500,1:2,20
+29.434842348098755,4.61,124.6,60.8,-19.9,VCV,15,500,1:2,20
+29.68482232093811,3.3,64.2,55.2,-13.6,VCV,15,500,1:2,20
+29.93467664718628,2.82,21.7,20.8,-9.2,VCV,15,500,1:2,20
+30.184789180755615,1.4,0.0,39.0,0.0,VCV,15,500,1:2,20
+30.434879064559937,0.58,0.0,51.3,0.0,VCV,15,500,1:2,20
+30.684951782226562,0.31,1.8,55.0,7.4,VCV,15,500,1:2,20
+30.937456369400024,0.08,48.9,35.6,19.4,VCV,15,500,1:2,20
+31.18757200241089,0.08,156.9,31.3,45.0,VCV,15,500,1:2,20
+31.437809228897095,6.64,318.5,26.6,45.0,VCV,15,500,1:2,20
+31.687916040420532,14.73,439.8,24.5,22.2,VCV,15,500,1:2,20
+31.938061952590942,22.2,492.9,9.8,8.7,VCV,15,500,1:2,20
+32.18810200691223,21.76,476.8,43.9,-9.3,VCV,15,500,1:2,20
+32.44294714927673,13.38,434.3,50.6,-13.7,VCV,15,500,1:2,20
+32.6905255317688,10.87,374.8,47.0,-20.0,VCV,15,500,1:2,20
+32.940576791763306,8.89,292.6,54.1,-22.5,VCV,15,500,1:2,20
+33.190510749816895,8.43,208.2,54.6,-22.5,VCV,15,500,1:2,20
+33.44096398353577,8.75,126.5,57.0,-20.1,VCV,15,500,1:2,20
+33.691378593444824,8.76,65.5,50.0,-13.7,VCV,15,500,1:2,20
+33.941077709198,8.18,23.1,21.4,-9.3,VCV,15,500,1:2,20
+34.18964195251465,6.8,0.0,41.9,0.0,VCV,15,500,1:2,20
+34.442891359329224,4.12,0.0,47.1,0.0,VCV,15,500,1:2,20
+34.692933320999146,2.6,1.4,50.5,7.3,VCV,15,500,1:2,20
+34.942917346954346,1.7,46.6,30.0,18.8,VCV,15,500,1:2,20
+35.192880392074585,1.0,151.8,21.5,45.0,VCV,15,500,1:2,20
+35.44280767440796,5.97,315.7,30.0,45.0,VCV,15,500,1:2,20
+35.69288754463196,17.02,437.5,81.2,22.8,VCV,15,500,1:2,20
+35.94279336929321,21.77,492.0,4.8,8.9,VCV,15,500,1:2,20
+36.19600510597229,24.57,477.7,-36.8,-9.2,VCV,15,500,1:2,20
+36.44601845741272,15.95,435.2,13.5,-13.7,VCV,15,500,1:2,20
+36.69622731208801,9.49,375.2,41.1,-19.9,VCV,15,500,1:2,20
+36.94615030288696,6.75,293.5,53.4,-22.5,VCV,15,500,1:2,20
+37.196134090423584,3.73,210.0,57.5,-22.5,VCV,15,500,1:2,20
+37.44657564163208,2.3,127.4,54.0,-20.2,VCV,15,500,1:2,20
+37.69909071922302,1.28,66.5,55.6,-13.8,VCV,15,500,1:2,20
+37.949315786361694,0.89,23.1,21.0,-9.3,VCV,15,500,1:2,20
+38.19914484024048,0.63,0.0,37.3,0.0,VCV,15,500,1:2,20
+38.4491286277771,0.49,0.0,48.4,0.0,VCV,15,500,1:2,20
+38.70132303237915,0.31,0.5,55.3,7.0,VCV,15,500,1:2,20
+38.9491069316864,0.24,44.3,28.7,18.2,VCV,15,500,1:2,20
+39.20365357398987,0.3,147.2,41.7,44.4,VCV,15,500,1:2,20
+39.4534637928009,3.85,310.6,45.5,45.0,VCV,15,500,1:2,20
+39.702369928359985,15.16,435.2,7.1,23.4,VCV,15,500,1:2,20
+39.95258188247681,22.86,491.1,50.0,9.2,VCV,15,500,1:2,20
+40.202521324157715,25.53,479.1,41.3,-9.1,VCV,15,500,1:2,20
+40.45303750038147,13.87,437.5,50.6,-13.4,VCV,15,500,1:2,20
+40.70549464225769,6.51,378.5,52.6,-19.6,VCV,15,500,1:2,20
+40.95541286468506,3.67,297.2,55.1,-22.5,VCV,15,500,1:2,20
+41.20535397529602,3.37,212.8,66.8,-22.5,VCV,15,500,1:2,20
+41.45534944534302,8.47,130.2,63.1,-20.5,VCV,15,500,1:2,20
+41.7055242061615,7.47,68.3,62.3,-14.0,VCV,15,500,1:2,20
+41.95551061630249,5.73,24.5,29.3,-9.5,VCV,15,500,1:2,20
+42.20536804199219,3.24,0.0,38.9,0.0,VCV,15,500,1:2,20
+42.45583248138428,1.63,0.0,49.1,0.0,VCV,15,500,1:2,20
+42.72526454925537,0.8,0.0,45.3,6.9,VCV,15,500,1:2,20
+42.96294927597046,0.48,41.1,27.3,17.4,VCV,15,500,1:2,20
+43.21300530433655,0.27,138.9,36.7,42.3,VCV,15,500,1:2,20
+43.46289134025574,5.14,301.8,26.8,45.0,VCV,15,500,1:2,20
+43.7202627658844,16.49,432.0,11.3,24.2,VCV,15,500,1:2,20
+43.96614646911621,21.41,489.2,13.0,9.6,VCV,15,500,1:2,20
+44.21612811088562,24.49,479.5,-31.3,-9.0,VCV,15,500,1:2,20
+44.46610379219055,15.53,438.0,-4.2,-13.3,VCV,15,500,1:2,20
+44.72114825248718,8.11,378.5,24.7,-19.5,VCV,15,500,1:2,20
+44.96714520454407,4.99,299.1,50.7,-22.5,VCV,15,500,1:2,20
+45.21594834327698,2.27,214.6,56.3,-22.5,VCV,15,500,1:2,20
+45.46920466423035,1.67,131.1,55.5,-20.6,VCV,15,500,1:2,20
+45.723241329193115,0.83,68.3,51.6,-14.0,VCV,15,500,1:2,20
+45.969128370285034,0.28,24.5,24.5,-9.5,VCV,15,500,1:2,20
+46.21897029876709,0.04,0.0,40.8,0.0,VCV,15,500,1:2,20
+46.46894836425781,-0.03,0.0,49.4,0.0,VCV,15,500,1:2,20
+46.747336626052856,-0.08,0.0,49.4,6.9,VCV,15,500,1:2,20
+46.98509168624878,-0.09,41.1,42.3,17.4,VCV,15,500,1:2,20
+47.235060930252075,-0.06,138.9,35.9,42.3,VCV,15,500,1:2,20
+47.48499631881714,2.33,301.8,29.8,45.0,VCV,15,500,1:2,20
+47.73905110359192,13.57,431.5,-66.5,24.3,VCV,15,500,1:2,20
+47.988298416137695,21.55,488.8,17.8,9.7,VCV,15,500,1:2,20
+48.23816895484924,24.07,479.5,-8.3,-9.0,VCV,15,500,1:2,20
+48.48814535140991,17.94,438.5,7.7,-13.3,VCV,15,500,1:2,20
+48.74217343330383,9.48,378.9,31.7,-19.5,VCV,15,500,1:2,20
+48.98802900314331,3.89,299.1,45.9,-22.5,VCV,15,500,1:2,20
+49.23799109458923,2.02,215.1,58.2,-22.5,VCV,15,500,1:2,20
+49.4880154132843,0.92,132.5,63.9,-20.7,VCV,15,500,1:2,20
+49.74530482292175,0.21,69.2,61.5,-14.1,VCV,15,500,1:2,20
+49.99119186401367,0.06,25.4,20.8,-9.6,VCV,15,500,1:2,20
+50.241440296173096,0.24,0.0,33.5,0.0,VCV,15,500,1:2,20
+50.491575479507446,0.21,0.0,37.6,0.0,VCV,15,500,1:2,20
+50.769920110702515,0.15,0.0,52.1,6.9,VCV,15,500,1:2,20
+51.007094860076904,0.13,41.1,34.0,17.4,VCV,15,500,1:2,20
+51.25709390640259,0.09,138.9,41.6,42.3,VCV,15,500,1:2,20
+51.50700879096985,4.48,301.4,37.7,45.0,VCV,15,500,1:2,20
+51.757073163986206,12.19,431.1,-22.7,24.5,VCV,15,500,1:2,20
+52.01030945777893,20.84,488.8,15.8,9.7,VCV,15,500,1:2,20
+52.26024913787842,24.21,480.0,-11.7,-8.9,VCV,15,500,1:2,20
+52.51025390625,16.03,438.5,31.3,-13.3,VCV,15,500,1:2,20
+52.760212898254395,10.31,379.4,39.6,-19.4,VCV,15,500,1:2,20
+53.010109663009644,5.12,299.5,54.9,-22.5,VCV,15,500,1:2,20
+53.26005244255066,2.59,215.1,55.1,-22.5,VCV,15,500,1:2,20
+53.51007318496704,1.67,132.5,58.9,-20.7,VCV,15,500,1:2,20
+53.763296365737915,0.94,69.7,59.4,-14.2,VCV,15,500,1:2,20
+54.01351571083069,0.53,25.4,25.3,-9.6,VCV,15,500,1:2,20
+54.263378381729126,0.32,0.0,37.4,0.0,VCV,15,500,1:2,20
+54.51332664489746,0.21,0.0,53.3,0.0,VCV,15,500,1:2,20
+54.79147720336914,0.01,0.0,43.4,6.9,VCV,15,500,1:2,20
+55.0291862487793,-0.03,41.1,26.6,17.4,VCV,15,500,1:2,20
+55.279151916503906,0.03,138.9,30.4,42.3,VCV,15,500,1:2,20
+55.529093742370605,2.83,301.8,23.1,45.0,VCV,15,500,1:2,20
+55.78401446342468,14.02,431.5,28.6,24.3,VCV,15,500,1:2,20
+56.029088497161865,21.87,488.3,4.7,9.9,VCV,15,500,1:2,20
+56.282307863235474,24.18,479.5,-38.5,-9.0,VCV,15,500,1:2,20
+56.532352685928345,18.02,438.0,-45.7,-13.3,VCV,15,500,1:2,20
+56.786317586898804,9.01,378.0,20.0,-19.6,VCV,15,500,1:2,20
+57.03218483924866,4.19,297.7,44.7,-22.5,VCV,15,500,1:2,20
+57.2821261882782,2.52,213.2,57.9,-22.5,VCV,15,500,1:2,20
+57.532124519348145,1.12,130.2,58.6,-20.5,VCV,15,500,1:2,20
+57.786128997802734,0.48,67.8,59.1,-14.0,VCV,15,500,1:2,20
+58.03231191635132,0.19,24.5,26.9,-9.5,VCV,15,500,1:2,20
+58.28212285041809,0.13,0.0,40.4,0.0,VCV,15,500,1:2,20
+58.535117864608765,0.11,0.0,51.4,0.0,VCV,15,500,1:2,20
+58.789408445358276,0.1,0.0,57.8,0.0,VCV,15,500,1:2,20
+59.0351243019104,0.06,36.5,36.8,16.2,VCV,15,500,1:2,20
+59.28514552116394,0.05,129.2,39.9,39.9,VCV,15,500,1:2,20
+59.535043478012085,3.93,291.2,47.5,45.0,VCV,15,500,1:2,20
+59.79050946235657,15.49,426.5,8.4,25.6,VCV,15,500,1:2,20
+60.03831434249878,20.62,486.9,39.2,10.2,VCV,15,500,1:2,20
+60.288241147994995,24.22,483.7,46.2,-8.6,VCV,15,500,1:2,20
+60.53829836845398,16.53,444.0,46.3,-12.7,VCV,15,500,1:2,20
+60.78819417953491,10.46,387.7,35.9,-18.6,VCV,15,500,1:2,20
+61.03886604309082,4.78,310.6,46.6,-22.5,VCV,15,500,1:2,20
+61.289021015167236,2.04,226.2,59.2,-22.5,VCV,15,500,1:2,20
+61.53832817077637,1.13,142.2,55.8,-21.7,VCV,15,500,1:2,20
+61.79131746292114,0.43,76.6,58.4,-14.9,VCV,15,500,1:2,20
+62.04127883911133,0.21,30.5,25.5,-10.1,VCV,15,500,1:2,20
+62.29109811782837,0.27,0.0,36.0,0.0,VCV,15,500,1:2,20
+62.54107332229614,0.59,0.0,49.7,0.0,VCV,15,500,1:2,20
+62.79101204872131,1.96,0.0,52.0,0.0,VCV,15,500,1:2,20
+63.041051387786865,3.5,31.8,41.8,15.0,VCV,15,500,1:2,20
+63.29134225845337,2.51,119.1,34.8,37.3,VCV,15,500,1:2,20
+63.54455852508545,2.47,277.8,25.7,45.0,VCV,15,500,1:2,20
+63.79459190368652,11.74,418.6,-26.7,27.6,VCV,15,500,1:2,20
+64.0445454120636,20.81,483.7,-28.2,11.0,VCV,15,500,1:2,20
+64.29441404342651,24.0,485.1,3.7,-8.5,VCV,15,500,1:2,20
+64.54447746276855,18.58,445.4,36.0,-12.6,VCV,15,500,1:2,20
+64.79442262649536,10.67,389.1,33.9,-18.5,VCV,15,500,1:2,20
+65.04430818557739,7.31,311.1,58.7,-22.5,VCV,15,500,1:2,20
+65.29757499694824,6.01,226.2,57.3,-22.5,VCV,15,500,1:2,20
+65.54757404327393,3.85,142.6,54.9,-21.8,VCV,15,500,1:2,20
+65.79751300811768,2.35,77.1,52.7,-15.0,VCV,15,500,1:2,20
+66.04747939109802,0.93,30.9,26.0,-10.1,VCV,15,500,1:2,20
+66.2973268032074,0.31,0.0,38.1,0.0,VCV,15,500,1:2,20
+66.54820656776428,0.06,0.0,45.6,0.0,VCV,15,500,1:2,20
+66.79839062690735,-0.03,0.0,51.6,0.0,VCV,15,500,1:2,20
+67.05057740211487,-0.07,30.0,47.6,14.6,VCV,15,500,1:2,20
+67.3005907535553,-0.09,112.2,38.2,35.5,VCV,15,500,1:2,20
+67.55049157142639,1.56,267.7,31.6,45.0,VCV,15,500,1:2,20
+67.80054187774658,8.85,411.7,12.1,29.4,VCV,15,500,1:2,20
+68.05049729347229,21.11,480.9,36.2,11.7,VCV,15,500,1:2,20
+68.30041003227234,26.31,486.9,55.6,-8.2,VCV,15,500,1:2,20
+68.55041265487671,17.53,449.1,44.5,-12.2,VCV,15,500,1:2,20
+68.8036630153656,12.79,394.6,53.9,-17.8,VCV,15,500,1:2,20
+69.05356097221375,7.42,318.0,53.4,-22.5,VCV,15,500,1:2,20
+69.30351543426514,5.16,234.9,63.2,-22.5,VCV,15,500,1:2,20
+69.55348253250122,3.14,150.0,64.0,-22.5,VCV,15,500,1:2,20
+69.80343103408813,1.26,82.2,65.8,-15.5,VCV,15,500,1:2,20
+70.0534279346466,0.5,34.2,40.8,-10.5,VCV,15,500,1:2,20
+70.30336713790894,0.25,1.4,33.3,-7.1,VCV,15,500,1:2,20
+70.55351305007935,0.31,0.0,47.9,0.0,VCV,15,500,1:2,20
+70.80648303031921,0.36,0.0,55.7,0.0,VCV,15,500,1:2,20
+71.0565037727356,0.42,27.2,43.8,13.9,VCV,15,500,1:2,20
+71.3065345287323,0.41,108.5,27.9,34.6,VCV,15,500,1:2,20
+71.56024050712585,2.18,262.6,40.5,45.0,VCV,15,500,1:2,20
+71.81001019477844,13.83,408.5,38.9,30.2,VCV,15,500,1:2,20
+72.06040358543396,21.99,480.0,29.0,12.0,VCV,15,500,1:2,20
+72.31105279922485,28.21,487.8,37.5,-8.2,VCV,15,500,1:2,20
+72.56045842170715,20.24,450.0,23.3,-12.1,VCV,15,500,1:2,20
+72.81074905395508,10.44,396.0,28.4,-17.7,VCV,15,500,1:2,20
+73.06331157684326,6.4,319.8,48.2,-22.5,VCV,15,500,1:2,20
+73.31328845024109,3.31,234.9,61.9,-22.5,VCV,15,500,1:2,20
+73.56328916549683,1.8,151.4,63.2,-22.5,VCV,15,500,1:2,20
+73.81322050094604,0.9,82.6,47.8,-15.5,VCV,15,500,1:2,20
+74.06321406364441,0.64,34.2,32.9,-10.5,VCV,15,500,1:2,20
+74.3133978843689,0.51,1.4,25.0,-7.1,VCV,15,500,1:2,20
+74.56418204307556,0.35,0.0,38.9,0.0,VCV,15,500,1:2,20
+74.8148922920227,0.25,0.0,44.3,0.0,VCV,15,500,1:2,20
+75.09524655342102,0.13,25.4,44.4,13.4,VCV,15,500,1:2,20
+75.34521579742432,0.06,103.8,27.5,33.4,VCV,15,500,1:2,20
+75.59515571594238,2.71,256.6,34.8,45.0,VCV,15,500,1:2,20
+75.8451759815216,15.26,402.5,33.3,31.8,VCV,15,500,1:2,20
+76.09842467308044,23.05,476.8,21.6,12.8,VCV,15,500,1:2,20
+76.3483464717865,28.11,489.7,45.2,-8.0,VCV,15,500,1:2,20
+76.59838271141052,21.48,452.8,49.9,-11.8,VCV,15,500,1:2,20
+76.84828662872314,9.65,400.2,55.2,-17.3,VCV,15,500,1:2,20
+77.09823322296143,4.41,324.5,62.1,-22.5,VCV,15,500,1:2,20
+77.34818315505981,2.65,240.0,63.6,-22.5,VCV,15,500,1:2,20
+77.59925532341003,6.79,155.1,72.0,-22.5,VCV,15,500,1:2,20
+77.85004830360413,7.48,85.4,64.4,-15.8,VCV,15,500,1:2,20
+78.10139179229736,6.42,36.0,32.3,-10.7,VCV,15,500,1:2,20
+78.35129618644714,5.43,2.8,33.7,-7.2,VCV,15,500,1:2,20
+78.60118746757507,4.49,0.0,50.3,0.0,VCV,15,500,1:2,20
+78.85116291046143,2.7,0.0,55.5,0.0,VCV,15,500,1:2,20
+79.10498762130737,1.24,23.5,43.1,12.9,VCV,15,500,1:2,20
+79.35499882698059,0.54,100.6,27.0,32.6,VCV,15,500,1:2,20
+79.60494875907898,1.91,252.9,33.6,45.0,VCV,15,500,1:2,20
+79.85528492927551,12.26,403.4,-26.5,31.5,VCV,15,500,1:2,20
+80.10558748245239,21.5,477.2,19.5,12.7,VCV,15,500,1:2,20
+80.35509634017944,24.43,491.5,49.7,-7.8,VCV,15,500,1:2,20
+80.6081030368805,20.25,455.1,17.0,-11.6,VCV,15,500,1:2,20
+80.85809421539307,10.89,402.5,43.5,-17.1,VCV,15,500,1:2,20
+81.1079888343811,5.51,328.6,58.2,-22.5,VCV,15,500,1:2,20
+81.35797762870789,3.56,244.2,60.0,-22.5,VCV,15,500,1:2,20
+81.60817408561707,2.55,158.8,58.8,-22.5,VCV,15,500,1:2,20
+81.85815024375916,2.74,88.2,56.1,-16.1,VCV,15,500,1:2,20
+82.1084246635437,2.91,37.8,29.1,-10.9,VCV,15,500,1:2,20
+82.36106562614441,4.3,3.7,30.0,-7.3,VCV,15,500,1:2,20
+82.61094760894775,2.01,0.0,46.9,0.0,VCV,15,500,1:2,20
+82.86091732978821,1.07,0.0,54.1,0.0,VCV,15,500,1:2,20
+83.11139822006226,0.39,20.8,64.5,12.2,VCV,15,500,1:2,20
+83.36235809326172,0.11,93.2,28.0,30.7,VCV,15,500,1:2,20
+83.6111352443695,0.53,238.6,26.4,45.0,VCV,15,500,1:2,20
+83.86143255233765,6.06,393.2,29.2,34.1,VCV,15,500,1:2,20
+84.11419725418091,18.38,473.1,-38.9,13.7,VCV,15,500,1:2,20
+84.36410427093506,25.05,492.5,-21.9,-7.7,VCV,15,500,1:2,20
+84.61408162117004,17.55,456.5,24.0,-11.4,VCV,15,500,1:2,20
+84.86404180526733,13.6,405.2,43.1,-16.8,VCV,15,500,1:2,20
+85.11423444747925,9.04,331.8,45.8,-22.5,VCV,15,500,1:2,20
+85.36416101455688,7.12,247.4,59.0,-22.5,VCV,15,500,1:2,20
+85.61413025856018,4.53,163.8,60.2,-22.5,VCV,15,500,1:2,20
+85.86441493034363,2.85,91.4,60.3,-16.4,VCV,15,500,1:2,20
+86.11712837219238,1.92,40.6,33.4,-11.2,VCV,15,500,1:2,20
+86.36703181266785,1.48,5.5,30.7,-7.5,VCV,15,500,1:2,20
+86.61691308021545,1.06,0.0,48.4,0.0,VCV,15,500,1:2,20
+86.86712908744812,0.81,0.0,46.1,0.0,VCV,15,500,1:2,20
+87.11715722084045,0.72,19.4,56.1,11.9,VCV,15,500,1:2,20
+87.36714506149292,0.62,89.1,34.0,29.6,VCV,15,500,1:2,20
+87.62112307548523,3.23,234.0,36.2,45.0,VCV,15,500,1:2,20
+87.87014889717102,12.57,387.2,42.7,35.6,VCV,15,500,1:2,20
+88.12010884284973,19.55,469.8,4.7,14.6,VCV,15,500,1:2,20
+88.37002205848694,24.95,493.4,43.3,-7.5,VCV,15,500,1:2,20
+88.62534880638123,19.03,457.4,51.9,-11.3,VCV,15,500,1:2,20
+88.8714554309845,12.03,407.5,47.5,-16.4,VCV,15,500,1:2,20
+89.12016224861145,8.87,335.5,47.8,-22.5,VCV,15,500,1:2,20
+89.37047791481018,6.2,251.1,52.8,-22.5,VCV,15,500,1:2,20
+89.62586855888367,4.36,166.2,56.5,-22.5,VCV,15,500,1:2,20
+89.87305450439453,3.54,94.6,60.8,-16.8,VCV,15,500,1:2,20
+90.12304282188416,2.72,42.9,36.7,-11.4,VCV,15,500,1:2,20
+90.37323355674744,2.49,6.9,26.9,-7.6,VCV,15,500,1:2,20
+90.62716174125671,3.05,0.0,51.7,0.0,VCV,15,500,1:2,20
+90.87309455871582,3.87,0.0,50.0,0.0,VCV,15,500,1:2,20
+91.12307977676392,4.07,16.6,56.0,11.2,VCV,15,500,1:2,20
+91.37309217453003,4.08,84.5,32.5,28.5,VCV,15,500,1:2,20
+91.62368273735046,4.0,226.6,40.2,45.0,VCV,15,500,1:2,20
+91.87612414360046,11.19,383.5,-13.7,36.6,VCV,15,500,1:2,20
+92.12634778022766,20.94,468.9,-13.4,14.8,VCV,15,500,1:2,20
+92.37826132774353,25.83,494.8,21.7,-7.5,VCV,15,500,1:2,20
+92.62650108337402,21.78,459.2,21.0,-11.2,VCV,15,500,1:2,20
+92.87951064109802,14.65,408.9,45.1,-16.4,VCV,15,500,1:2,20
+93.12943482398987,10.69,338.3,58.6,-22.5,VCV,15,500,1:2,20
+93.37938594818115,8.51,253.8,53.1,-22.5,VCV,15,500,1:2,20
+93.62931656837463,6.38,169.4,63.3,-22.5,VCV,15,500,1:2,20
+93.87929224967957,5.21,95.5,56.7,-16.9,VCV,15,500,1:2,20
+94.1307852268219,4.03,43.8,36.9,-11.5,VCV,15,500,1:2,20
+94.38093709945679,3.41,7.8,34.0,-7.7,VCV,15,500,1:2,20
+94.62935304641724,2.97,0.0,38.0,0.0,VCV,15,500,1:2,20
+94.88056421279907,2.9,0.0,47.9,0.0,VCV,15,500,1:2,20
+95.13639545440674,1.07,16.2,55.4,11.0,VCV,15,500,1:2,20
+95.38231444358826,0.56,81.7,24.5,27.7,VCV,15,500,1:2,20
+95.63226580619812,0.66,222.9,33.3,45.0,VCV,15,500,1:2,20
+95.88253879547119,5.78,381.2,16.3,37.2,VCV,15,500,1:2,20
+96.13660430908203,18.92,468.0,-0.2,15.0,VCV,15,500,1:2,20
+96.38377904891968,26.67,496.6,32.4,-7.3,VCV,15,500,1:2,20
+96.63545227050781,19.47,462.0,36.4,-10.9,VCV,15,500,1:2,20
+96.88544750213623,13.29,412.6,34.9,-16.0,VCV,15,500,1:2,20
+97.13943433761597,10.61,342.0,52.2,-22.5,VCV,15,500,1:2,20
+97.38532733917236,10.35,258.9,57.7,-22.5,VCV,15,500,1:2,20
+97.63553309440613,9.54,174.0,58.7,-22.5,VCV,15,500,1:2,20
+97.88554167747498,8.08,98.8,59.8,-17.2,VCV,15,500,1:2,20
+98.14108061790466,6.78,45.7,38.4,-11.7,VCV,15,500,1:2,20
+98.38844180107117,6.01,9.7,25.2,-7.9,VCV,15,500,1:2,20
+98.63828659057617,5.16,0.0,34.0,0.0,VCV,15,500,1:2,20
+98.888267993927,2.65,0.0,44.6,0.0,VCV,15,500,1:2,20
+99.13828659057617,1.03,13.8,43.6,10.5,VCV,15,500,1:2,20
+99.38853144645691,0.52,77.1,15.9,26.6,VCV,15,500,1:2,20
+99.63963031768799,0.3,211.4,27.6,45.0,VCV,15,500,1:2,20
+99.88845491409302,7.09,372.0,6.2,39.5,VCV,15,500,1:2,20
+100.14150190353394,19.18,463.8,51.7,16.1,VCV,15,500,1:2,20
+100.39138507843018,23.95,498.0,52.1,-7.1,VCV,15,500,1:2,20
+100.64139652252197,20.37,464.8,84.2,-10.6,VCV,15,500,1:2,20
+100.89139533042908,13.1,417.2,72.1,-15.5,VCV,15,500,1:2,20
+101.14158391952515,11.91,348.0,61.0,-22.5,VCV,15,500,1:2,20
+101.39150524139404,10.26,263.5,67.9,-22.5,VCV,15,500,1:2,20
+101.64146542549133,9.25,180.9,56.4,-22.5,VCV,15,500,1:2,20
+101.89192295074463,7.61,104.8,53.6,-17.8,VCV,15,500,1:2,20
+102.14444756507874,6.65,49.8,39.4,-12.1,VCV,15,500,1:2,20
+102.39439821243286,5.53,12.0,16.5,-8.2,VCV,15,500,1:2,20
+102.64423155784607,4.6,0.0,36.5,0.0,VCV,15,500,1:2,20
+102.89445757865906,2.92,0.0,53.4,0.0,VCV,15,500,1:2,20
+103.1444787979126,1.17,11.5,58.0,9.9,VCV,15,500,1:2,20
+103.3944799900055,0.44,71.1,26.2,25.0,VCV,15,500,1:2,20
+103.6448483467102,0.27,203.5,26.1,45.0,VCV,15,500,1:2,20
+103.89848017692566,4.99,366.0,21.0,41.1,VCV,15,500,1:2,20
+104.14744281768799,17.6,460.2,23.1,17.0,VCV,15,500,1:2,20
+104.39914417266846,25.09,498.9,43.9,-7.0,VCV,15,500,1:2,20
+104.64764475822449,23.62,465.7,-17.9,-10.5,VCV,15,500,1:2,20
+104.9026608467102,15.6,418.6,25.9,-15.4,VCV,15,500,1:2,20
+105.14755749702454,11.41,352.6,53.6,-22.3,VCV,15,500,1:2,20
+105.39745759963989,8.61,267.7,60.2,-22.5,VCV,15,500,1:2,20
+105.64789199829102,7.46,183.2,55.0,-22.5,VCV,15,500,1:2,20
+105.90447688102722,6.43,105.7,61.5,-17.9,VCV,15,500,1:2,20
+106.15036129951477,5.64,50.8,46.4,-12.2,VCV,15,500,1:2,20
+106.40061020851135,4.5,12.9,31.2,-8.3,VCV,15,500,1:2,20
+106.650710105896,2.04,0.0,47.6,0.0,VCV,15,500,1:2,20
+106.90447902679443,0.81,0.0,47.9,0.0,VCV,15,500,1:2,20
+107.15422749519348,0.27,10.6,59.7,9.6,VCV,15,500,1:2,20
+107.40422773361206,0.12,69.2,30.5,24.6,VCV,15,500,1:2,20
+107.65419030189514,0.22,199.8,35.3,45.0,VCV,15,500,1:2,20
+107.9046950340271,7.04,362.8,12.8,41.9,VCV,15,500,1:2,20
+108.1551628112793,19.36,458.8,18.9,17.4,VCV,15,500,1:2,20
+108.41238164901733,24.82,499.8,3.6,-6.9,VCV,15,500,1:2,20
+108.65767312049866,21.83,467.5,25.8,-10.3,VCV,15,500,1:2,20
+108.90763568878174,15.81,420.9,42.5,-15.1,VCV,15,500,1:2,20
+109.15814971923828,12.46,355.4,55.2,-22.0,VCV,15,500,1:2,20
+109.40864038467407,10.42,271.4,54.6,-22.5,VCV,15,500,1:2,20
+109.66049933433533,9.26,186.9,47.9,-22.5,VCV,15,500,1:2,20
+109.9104733467102,8.39,109.4,55.2,-18.3,VCV,15,500,1:2,20
+110.16160035133362,7.3,54.0,43.0,-12.5,VCV,15,500,1:2,20
+110.41163492202759,5.8,14.8,16.2,-8.5,VCV,15,500,1:2,20
+110.66047930717468,3.7,0.0,43.3,0.0,VCV,15,500,1:2,20
+110.91049194335938,1.65,0.0,50.1,0.0,VCV,15,500,1:2,20
+111.16044974327087,0.66,8.8,54.5,9.2,VCV,15,500,1:2,20
+111.41399478912354,0.23,63.7,29.2,23.2,VCV,15,500,1:2,20
+111.66371512413025,0.21,188.8,37.0,45.0,VCV,15,500,1:2,20
+111.9136962890625,6.01,352.2,11.6,44.6,VCV,15,500,1:2,20
+112.16407990455627,18.47,455.5,86.6,18.2,VCV,15,500,1:2,20
+112.41749167442322,25.67,499.8,13.8,6.9,VCV,15,500,1:2,20
+112.66718411445618,24.59,468.9,80.2,-10.1,VCV,15,500,1:2,20
+112.91716718673706,15.69,423.2,55.7,-14.9,VCV,15,500,1:2,20
+113.16711592674255,11.03,357.2,63.3,-21.8,VCV,15,500,1:2,20
+113.4170093536377,8.91,273.7,61.4,-22.5,VCV,15,500,1:2,20
+113.6669545173645,7.66,189.2,58.8,-22.5,VCV,15,500,1:2,20
+113.9202344417572,6.35,110.3,54.3,-18.4,VCV,15,500,1:2,20
+114.17020010948181,5.72,53.5,39.4,-12.5,VCV,15,500,1:2,20
+114.42015528678894,4.77,14.3,24.4,-8.4,VCV,15,500,1:2,20
+114.66999459266663,3.91,0.0,36.2,0.0,VCV,15,500,1:2,20
+114.91995573043823,2.51,0.0,51.8,0.0,VCV,15,500,1:2,20
+115.16995358467102,1.4,7.4,55.4,8.8,VCV,15,500,1:2,20
+115.41995787620544,0.56,60.5,34.3,22.3,VCV,15,500,1:2,20
+115.67451095581055,0.35,182.3,39.6,45.0,VCV,15,500,1:2,20
+115.92428493499756,8.23,345.2,41.9,45.0,VCV,15,500,1:2,20
+116.1743369102478,17.88,452.3,22.0,19.0,VCV,15,500,1:2,20
+116.42438101768494,25.53,498.0,91.3,7.4,VCV,15,500,1:2,20
+116.67529916763306,21.85,470.3,47.1,-10.0,VCV,15,500,1:2,20
+116.9266414642334,17.23,424.6,54.4,-14.8,VCV,15,500,1:2,20
+117.1766095161438,13.07,360.0,49.1,-21.5,VCV,15,500,1:2,20
+117.42677736282349,9.8,275.5,58.2,-22.5,VCV,15,500,1:2,20
+117.67701411247253,6.71,200.8,61.7,-22.5,VCV,15,500,1:2,20
+117.92739677429199,5.15,120.0,66.1,-19.4,VCV,15,500,1:2,20
+118.17776536941528,3.19,60.5,57.1,-13.2,VCV,15,500,1:2,20
+118.42992234230042,1.98,19.4,21.5,-8.9,VCV,15,500,1:2,20
+118.67975783348083,1.45,0.0,39.2,0.0,VCV,15,500,1:2,20
+118.92973613739014,1.16,0.0,45.2,0.0,VCV,15,500,1:2,20
+119.17973351478577,0.54,6.0,43.8,8.5,VCV,15,500,1:2,20
+119.42998600006104,0.29,57.7,22.5,21.6,VCV,15,500,1:2,20
+119.67995262145996,0.65,176.3,34.1,45.0,VCV,15,500,1:2,20
+119.93128728866577,7.59,337.8,28.7,45.0,VCV,15,500,1:2,20
+120.18299221992493,18.69,448.6,19.1,20.0,VCV,15,500,1:2,20
+120.43293404579163,23.04,496.6,66.5,7.7,VCV,15,500,1:2,20
+120.68282532691956,24.39,472.6,2.9,-9.8,VCV,15,500,1:2,20
+120.93314290046692,15.89,428.3,33.2,-14.4,VCV,15,500,1:2,20
+121.18639254570007,10.62,364.2,46.9,-21.1,VCV,15,500,1:2,20
+121.43628454208374,6.99,280.6,57.9,-22.5,VCV,15,500,1:2,20
+121.68653988838196,3.35,196.6,55.1,-22.5,VCV,15,500,1:2,20
+121.93683695793152,1.49,117.7,61.2,-19.2,VCV,15,500,1:2,20
+122.18617105484009,0.86,58.6,51.6,-13.0,VCV,15,500,1:2,20
+122.4361310005188,0.35,18.0,22.6,-8.8,VCV,15,500,1:2,20
+122.68598437309265,0.12,0.0,41.4,0.0,VCV,15,500,1:2,20
+122.93640637397766,0.01,0.0,53.9,0.0,VCV,15,500,1:2,20
+123.18619632720947,-0.02,4.2,51.4,8.0,VCV,15,500,1:2,20
+123.43923330307007,-0.04,54.5,27.4,20.8,VCV,15,500,1:2,20
+123.68922567367554,-0.04,169.8,33.8,45.0,VCV,15,500,1:2,20
+123.93917393684387,8.33,330.9,37.6,45.0,VCV,15,500,1:2,20
+124.18920397758484,16.51,446.3,50.1,20.6,VCV,15,500,1:2,20
+124.43915820121765,23.55,495.7,62.7,8.0,VCV,15,500,1:2,20
+124.68931126594543,25.52,474.9,9.4,-9.5,VCV,15,500,1:2,20
+124.94235920906067,17.06,432.5,31.7,-13.9,VCV,15,500,1:2,20
+125.19230961799622,10.59,371.1,47.2,-20.3,VCV,15,500,1:2,20
+125.4422378540039,8.35,288.9,56.3,-22.5,VCV,15,500,1:2,20
+125.69219493865967,7.33,204.5,57.1,-22.5,VCV,15,500,1:2,20
+125.94218254089355,4.77,124.2,58.3,-19.9,VCV,15,500,1:2,20
+126.19213342666626,1.93,64.2,64.4,-13.6,VCV,15,500,1:2,20
+126.44253492355347,1.02,21.7,24.3,-9.2,VCV,15,500,1:2,20
+126.69218492507935,0.33,0.0,41.6,0.0,VCV,15,500,1:2,20
+126.94250273704529,0.07,0.0,46.0,0.0,VCV,15,500,1:2,20
+127.1953763961792,-0.04,1.8,46.0,7.4,VCV,15,500,1:2,20
+127.44568109512329,-0.08,48.9,25.2,19.4,VCV,15,500,1:2,20
+127.69516134262085,-0.09,157.4,28.4,45.0,VCV,15,500,1:2,20
+127.94510841369629,2.72,318.0,21.9,45.0,VCV,15,500,1:2,20
+128.19538569450378,15.32,440.3,-27.0,22.1,VCV,15,500,1:2,20
+128.44868540763855,21.74,493.4,-15.8,8.6,VCV,15,500,1:2,20
+128.69856023788452,25.46,475.8,22.4,-9.4,VCV,15,500,1:2,20
+128.9524040222168,15.72,431.5,37.2,-14.0,VCV,15,500,1:2,20
+129.20237612724304,12.48,369.2,49.7,-20.5,VCV,15,500,1:2,20
+129.45225739479065,8.84,286.2,54.6,-22.5,VCV,15,500,1:2,20
+129.70224261283875,6.2,201.2,61.5,-22.5,VCV,15,500,1:2,20
+129.95231246948242,3.28,121.4,58.7,-19.6,VCV,15,500,1:2,20
+130.20267963409424,1.8,61.8,55.6,-13.4,VCV,15,500,1:2,20
+130.45306634902954,0.65,20.3,22.6,-9.0,VCV,15,500,1:2,20
+130.70223307609558,0.31,0.0,40.7,0.0,VCV,15,500,1:2,20
+130.95522499084473,0.07,0.0,52.6,0.0,VCV,15,500,1:2,20
+131.2052240371704,-0.07,1.4,52.6,7.3,VCV,15,500,1:2,20
+131.45528292655945,-0.13,46.2,39.7,18.7,VCV,15,500,1:2,20
+131.70520281791687,-0.12,152.3,40.9,45.0,VCV,15,500,1:2,20
+131.9554159641266,1.3,314.3,23.1,45.0,VCV,15,500,1:2,20
+132.20577144622803,12.66,438.0,1.4,22.7,VCV,15,500,1:2,20
+132.4584379196167,21.64,492.5,31.2,8.8,VCV,15,500,1:2,20
+132.70870685577393,25.3,477.7,23.2,-9.2,VCV,15,500,1:2,20
+132.95890974998474,17.23,435.7,34.6,-13.6,VCV,15,500,1:2,20
+133.2083282470703,11.35,374.8,47.4,-20.0,VCV,15,500,1:2,20
+133.4582154750824,7.79,293.5,48.9,-22.5,VCV,15,500,1:2,20
+133.70846891403198,4.6,208.6,55.1,-22.5,VCV,15,500,1:2,20
+133.9617567062378,3.42,135.2,52.7,-21.0,VCV,15,500,1:2,20
+134.21175527572632,2.21,71.1,55.7,-14.3,VCV,15,500,1:2,20
+134.46162509918213,1.19,27.2,27.0,-9.8,VCV,15,500,1:2,20
+134.71149921417236,0.42,0.0,30.4,0.0,VCV,15,500,1:2,20
+134.96557688713074,0.09,31.4,37.4,14.9,VCV,15,500,1:2,20
+135.2115547657013,-0.0,114.9,39.4,36.2,VCV,15,500,1:2,20
+135.4614589214325,0.42,271.4,20.1,45.0,VCV,15,500,1:2,20
+135.71476221084595,10.21,414.9,15.0,28.6,VCV,15,500,1:2,20
+135.96472144126892,18.18,482.3,-1.1,11.4,VCV,15,500,1:2,20
+136.21459126472473,26.03,486.5,4.3,-8.3,VCV,15,500,1:2,20
+136.46465682983398,19.09,448.2,14.5,-12.3,VCV,15,500,1:2,20
+136.7146303653717,11.89,393.2,34.6,-18.0,VCV,15,500,1:2,20
+136.9645175933838,9.38,316.2,45.4,-22.5,VCV,15,500,1:2,20
+137.21455001831055,7.07,233.1,54.9,-22.5,VCV,15,500,1:2,20
+137.46777200698853,5.68,148.2,61.8,-22.4,VCV,15,500,1:2,20
+137.7176787853241,5.21,80.8,55.0,-15.3,VCV,15,500,1:2,20
+137.96765637397766,5.22,32.8,26.0,-10.3,VCV,15,500,1:2,20
+138.2183825969696,5.26,0.5,41.1,-7.0,VCV,15,500,1:2,20
+138.46810054779053,3.2,0.0,53.2,0.0,VCV,15,500,1:2,20
+138.71743440628052,1.76,0.0,47.0,0.0,VCV,15,500,1:2,20
+138.967431306839,0.64,28.2,46.2,14.1,VCV,15,500,1:2,20
+139.21795558929443,0.22,110.8,30.6,35.2,VCV,15,500,1:2,20
+139.47066497802734,0.9,263.5,16.0,45.0,VCV,15,500,1:2,20
+139.72070598602295,7.46,409.4,-10.3,30.0,VCV,15,500,1:2,20
+139.97072219848633,18.76,480.0,12.5,12.0,VCV,15,500,1:2,20
+140.22056341171265,24.49,488.3,-0.4,-8.1,VCV,15,500,1:2,20
+140.47058701515198,16.76,451.4,-7.6,-12.0,VCV,15,500,1:2,20
+140.72057271003723,13.05,397.8,36.1,-17.5,VCV,15,500,1:2,20
+140.9710454940796,11.07,321.2,57.4,-22.5,VCV,15,500,1:2,20
+141.2237102985382,9.16,236.8,54.9,-22.5,VCV,15,500,1:2,20
+141.47366309165955,4.95,154.2,51.2,-22.5,VCV,15,500,1:2,20
+141.72363018989563,2.54,84.5,46.7,-15.7,VCV,15,500,1:2,20
+141.97363018989563,1.22,35.5,25.6,-10.6,VCV,15,500,1:2,20
+142.22352147102356,0.78,2.3,23.0,-7.2,VCV,15,500,1:2,20
+142.47340488433838,0.23,0.0,36.5,0.0,VCV,15,500,1:2,20
+142.72378730773926,-0.01,0.0,47.1,0.0,VCV,15,500,1:2,20
+142.97367811203003,-0.08,25.8,41.9,13.5,VCV,15,500,1:2,20
+143.22673058509827,-0.09,103.8,31.1,33.4,VCV,15,500,1:2,20
+143.47662711143494,0.07,256.6,21.2,45.0,VCV,15,500,1:2,20
+143.72716093063354,8.23,390.9,-5.8,34.7,VCV,15,500,1:2,20
+143.97743701934814,16.48,472.2,19.9,14.0,VCV,15,500,1:2,20
+144.2265009880066,25.03,486.9,40.3,-7.9,VCV,15,500,1:2,20
+144.4769365787506,18.78,450.0,29.4,-11.8,VCV,15,500,1:2,20
+144.72743463516235,13.06,397.8,45.9,-17.3,VCV,15,500,1:2,20
+144.97971057891846,11.04,322.6,57.4,-22.5,VCV,15,500,1:2,20
+145.2296543121338,8.21,238.2,61.3,-22.5,VCV,15,500,1:2,20
+145.47961497306824,6.21,153.7,61.0,-22.5,VCV,15,500,1:2,20
+145.729665517807,3.42,91.4,55.8,-16.5,VCV,15,500,1:2,20
+145.97955870628357,2.78,41.1,35.7,-11.2,VCV,15,500,1:2,20
+146.22977924346924,1.71,6.0,31.2,-7.6,VCV,15,500,1:2,20
+146.48292303085327,1.04,0.0,49.0,0.0,VCV,15,500,1:2,20
+146.73290014266968,0.25,0.0,45.2,0.0,VCV,15,500,1:2,20
+146.98672127723694,-0.01,23.5,38.7,12.9,VCV,15,500,1:2,20
+147.23677158355713,-0.08,100.2,25.3,32.5,VCV,15,500,1:2,20
+147.48668503761292,-0.02,252.0,17.4,45.0,VCV,15,500,1:2,20
+147.736674785614,6.97,402.0,13.8,31.9,VCV,15,500,1:2,20
+147.98697447776794,19.18,476.8,43.2,12.8,VCV,15,500,1:2,20
+148.2401237487793,25.75,491.1,24.2,-7.8,VCV,15,500,1:2,20
+148.4900999069214,20.28,454.6,26.1,-11.6,VCV,15,500,1:2,20
+148.7401123046875,13.81,402.0,43.2,-17.1,VCV,15,500,1:2,20
+148.99002957344055,10.99,328.2,64.3,-22.5,VCV,15,500,1:2,20
+149.2409143447876,9.52,243.7,63.1,-22.5,VCV,15,500,1:2,20
+149.4909942150116,5.93,159.2,62.8,-22.5,VCV,15,500,1:2,20
+149.73988842964172,3.42,88.6,55.6,-16.2,VCV,15,500,1:2,20
+149.99315810203552,1.55,38.3,28.9,-10.9,VCV,15,500,1:2,20
+150.2433762550354,0.82,4.2,35.0,-7.4,VCV,15,500,1:2,20
+150.49322628974915,0.28,0.0,52.6,0.0,VCV,15,500,1:2,20
+150.7431926727295,0.11,0.0,54.6,0.0,VCV,15,500,1:2,20
+150.99324226379395,-0.03,21.2,36.1,12.3,VCV,15,500,1:2,20
+151.2470531463623,-0.1,93.7,25.6,30.8,VCV,15,500,1:2,20
+151.49697351455688,0.49,241.8,23.9,45.0,VCV,15,500,1:2,20
+151.74694728851318,4.64,395.5,3.7,33.5,VCV,15,500,1:2,20
+152.0002658367157,17.05,474.5,17.0,13.4,VCV,15,500,1:2,20
+152.25016951560974,24.72,491.5,41.3,-7.8,VCV,15,500,1:2,20
+152.50014853477478,15.76,455.1,48.8,-11.6,VCV,15,500,1:2,20
+152.75011324882507,10.51,402.9,44.2,-17.0,VCV,15,500,1:2,20
+153.0000548362732,10.72,328.6,59.6,-22.5,VCV,15,500,1:2,20
+153.25000548362732,9.5,245.5,65.5,-22.5,VCV,15,500,1:2,20
+153.4999659061432,9.62,161.5,67.4,-22.5,VCV,15,500,1:2,20
+153.75323748588562,8.21,89.5,59.8,-16.3,VCV,15,500,1:2,20
+154.00320315361023,4.98,38.8,34.1,-11.0,VCV,15,500,1:2,20
+154.25312757492065,2.81,4.6,36.1,-7.4,VCV,15,500,1:2,20
+154.50297927856445,1.88,0.0,39.4,0.0,VCV,15,500,1:2,20
+154.76516366004944,0.67,0.0,55.6,0.0,VCV,15,500,1:2,20
+155.00299429893494,0.18,20.8,53.3,12.2,VCV,15,500,1:2,20
+155.25298738479614,0.04,93.7,28.8,30.8,VCV,15,500,1:2,20
+155.50620317459106,0.01,240.0,16.9,45.0,VCV,15,500,1:2,20
+155.7564833164215,6.83,394.6,32.4,33.8,VCV,15,500,1:2,20
+156.0064618587494,19.51,474.0,22.3,13.5,VCV,15,500,1:2,20
+156.25645995140076,24.99,492.0,58.2,-7.7,VCV,15,500,1:2,20
+156.5063602924347,20.52,457.4,33.4,-11.3,VCV,15,500,1:2,20
+156.75689959526062,13.39,406.2,45.7,-16.7,VCV,15,500,1:2,20
+157.00729370117188,10.97,332.8,53.6,-22.5,VCV,15,500,1:2,20
+157.2592487335205,8.22,248.3,56.3,-22.5,VCV,15,500,1:2,20
+157.50946402549744,6.72,164.8,56.8,-22.5,VCV,15,500,1:2,20
+157.75943517684937,6.38,92.3,61.4,-16.5,VCV,15,500,1:2,20
+158.00939774513245,5.63,41.1,39.4,-11.2,VCV,15,500,1:2,20
+158.2593367099762,4.09,6.0,27.3,-7.5,VCV,15,500,1:2,20
+158.50921177864075,2.12,0.0,48.0,0.0,VCV,15,500,1:2,20
+158.75919032096863,1.1,0.0,54.3,0.0,VCV,15,500,1:2,20
+159.00918197631836,0.36,19.4,51.7,11.9,VCV,15,500,1:2,20
+159.26248574256897,0.08,91.4,27.8,30.2,VCV,15,500,1:2,20
+159.51645231246948,0.32,238.6,19.9,45.0,VCV,15,500,1:2,20
+159.7624328136444,5.31,390.5,36.9,34.8,VCV,15,500,1:2,20
+160.01356530189514,17.87,472.2,32.7,14.0,VCV,15,500,1:2,20
+160.2633147239685,25.29,494.3,35.1,-7.5,VCV,15,500,1:2,20
+160.51636958122253,18.19,458.8,64.9,-11.2,VCV,15,500,1:2,20
+160.76234531402588,14.75,408.5,56.9,-16.4,VCV,15,500,1:2,20
+161.01551032066345,11.39,335.5,60.7,-22.5,VCV,15,500,1:2,20
+161.265442609787,9.8,250.2,49.6,-22.5,VCV,15,500,1:2,20
+161.51947021484375,7.87,165.7,60.9,-22.5,VCV,15,500,1:2,20
+161.76536965370178,7.38,94.2,54.9,-16.7,VCV,15,500,1:2,20
+162.01542043685913,6.36,42.0,36.4,-11.3,VCV,15,500,1:2,20
+162.2652735710144,5.06,6.5,23.2,-7.6,VCV,15,500,1:2,20
+162.51917791366577,3.21,0.0,37.8,0.0,VCV,15,500,1:2,20
+162.76841926574707,1.31,0.0,48.6,0.0,VCV,15,500,1:2,20
+163.0184121131897,0.44,16.6,54.1,11.2,VCV,15,500,1:2,20
+163.268413066864,0.17,84.5,29.5,28.5,VCV,15,500,1:2,20
+163.51837992668152,0.31,226.6,21.3,45.0,VCV,15,500,1:2,20
+163.7683629989624,7.45,383.5,-0.5,36.6,VCV,15,500,1:2,20
+164.01836800575256,20.13,468.5,35.0,14.9,VCV,15,500,1:2,20
+164.2682228088379,24.85,496.2,16.8,-7.3,VCV,15,500,1:2,20
+164.52152037620544,19.78,462.5,31.0,-10.8,VCV,15,500,1:2,20
+164.7716088294983,12.36,413.1,43.9,-16.0,VCV,15,500,1:2,20
+165.02147030830383,10.66,344.8,47.6,-22.5,VCV,15,500,1:2,20
+165.27142477035522,8.55,259.8,56.5,-22.5,VCV,15,500,1:2,20
+165.5223777294159,8.12,175.4,53.2,-22.5,VCV,15,500,1:2,20
+165.7720274925232,8.59,99.7,55.6,-17.3,VCV,15,500,1:2,20
+166.02131485939026,7.12,47.1,36.7,-11.8,VCV,15,500,1:2,20
+166.27453637123108,4.6,10.2,24.5,-8.0,VCV,15,500,1:2,20
+166.52437448501587,2.77,0.0,45.7,0.0,VCV,15,500,1:2,20
+166.77435302734375,1.08,0.0,49.7,0.0,VCV,15,500,1:2,20
+167.02436637878418,0.34,14.8,58.5,10.7,VCV,15,500,1:2,20
+167.27822375297546,0.09,79.4,33.8,27.2,VCV,15,500,1:2,20
+167.5281298160553,0.38,218.8,31.6,45.0,VCV,15,500,1:2,20
+167.77816939353943,5.41,377.5,-0.1,38.1,VCV,15,500,1:2,20
+168.0282199382782,16.93,466.6,35.9,15.4,VCV,15,500,1:2,20
+168.2782633304596,24.09,497.1,9.7,-7.2,VCV,15,500,1:2,20
+168.53133058547974,22.72,463.4,44.7,-10.7,VCV,15,500,1:2,20
+168.78128910064697,15.12,414.9,43.3,-15.8,VCV,15,500,1:2,20
+169.03122329711914,12.22,345.2,49.1,-22.5,VCV,15,500,1:2,20
+169.28116607666016,9.08,262.2,58.6,-22.5,VCV,15,500,1:2,20
+169.5311563014984,7.1,178.2,55.8,-22.5,VCV,15,500,1:2,20
+169.7811472415924,4.65,102.0,57.7,-17.5,VCV,15,500,1:2,20
+170.0326988697052,3.48,47.5,40.8,-11.9,VCV,15,500,1:2,20
+170.28434777259827,1.75,10.6,23.6,-8.0,VCV,15,500,1:2,20
+170.53422236442566,0.6,0.0,46.3,0.0,VCV,15,500,1:2,20
+170.7841317653656,0.14,0.0,51.5,0.0,VCV,15,500,1:2,20
+171.03454732894897,0.02,12.5,50.4,10.1,VCV,15,500,1:2,20
+171.28474378585815,-0.07,73.8,22.7,25.8,VCV,15,500,1:2,20
+171.5340986251831,0.11,208.6,25.2,45.0,VCV,15,500,1:2,20
+171.7845323085785,6.33,368.3,5.8,40.5,VCV,15,500,1:2,20
+172.0373730659485,14.82,462.5,10.7,16.5,VCV,15,500,1:2,20
+172.28725934028625,24.01,498.0,30.7,-7.1,VCV,15,500,1:2,20
+172.5372829437256,25.83,464.3,80.5,-10.6,VCV,15,500,1:2,20
+172.78724098205566,14.26,416.8,66.1,-15.6,VCV,15,500,1:2,20
+173.03717923164368,12.27,348.0,67.5,-22.5,VCV,15,500,1:2,20
+173.2871332168579,8.66,263.1,61.3,-22.5,VCV,15,500,1:2,20
+173.53734421730042,6.99,178.2,64.2,-22.5,VCV,15,500,1:2,20
+173.78784728050232,5.03,102.5,60.2,-17.6,VCV,15,500,1:2,20
+174.04028367996216,3.35,48.9,45.4,-12.0,VCV,15,500,1:2,20
+174.2902431488037,2.14,11.1,25.4,-8.1,VCV,15,500,1:2,20
+174.54012203216553,1.39,0.0,37.5,0.0,VCV,15,500,1:2,20
+174.79007744789124,0.44,0.0,46.2,0.0,VCV,15,500,1:2,20
+175.04006695747375,0.05,11.1,50.5,9.7,VCV,15,500,1:2,20
+175.29038834571838,-0.08,71.1,22.9,25.0,VCV,15,500,1:2,20
+175.541579246521,-0.07,203.5,22.3,45.0,VCV,15,500,1:2,20
+175.79433035850525,4.41,365.5,3.6,41.1,VCV,15,500,1:2,20
+176.04325890541077,16.58,459.7,7.5,17.2,VCV,15,500,1:2,20
+176.29504084587097,21.88,498.9,25.8,-7.0,VCV,15,500,1:2,20
+176.54442596435547,22.3,465.7,57.2,-10.5,VCV,15,500,1:2,20
+176.79804968833923,14.88,418.6,55.8,-15.4,VCV,15,500,1:2,20
+177.04342555999756,12.28,352.2,58.4,-22.3,VCV,15,500,1:2,20
+177.2966332435608,10.44,266.8,61.2,-22.5,VCV,15,500,1:2,20
+177.54657292366028,6.98,182.3,61.5,-22.5,VCV,15,500,1:2,20
+177.8004105091095,3.4,104.8,55.0,-17.8,VCV,15,500,1:2,20
+178.05034708976746,1.98,49.4,39.8,-12.1,VCV,15,500,1:2,20
+178.30029129981995,0.95,12.0,25.2,-8.2,VCV,15,500,1:2,20
+178.55013346672058,0.34,0.0,39.2,0.0,VCV,15,500,1:2,20
+178.80011534690857,0.05,0.0,53.3,0.0,VCV,15,500,1:2,20
+179.0504162311554,-0.06,10.2,49.0,9.5,VCV,15,500,1:2,20
+179.3007891178131,-0.12,67.8,21.2,24.2,VCV,15,500,1:2,20
+179.5533730983734,-0.05,198.5,24.9,45.0,VCV,15,500,1:2,20
+179.80334615707397,2.67,361.4,25.5,42.2,VCV,15,500,1:2,20
+180.0533561706543,15.42,458.3,61.9,17.5,VCV,15,500,1:2,20
+180.3101921081543,24.04,499.8,25.2,-6.9,VCV,15,500,1:2,20
+180.55325865745544,25.51,467.5,51.9,-10.3,VCV,15,500,1:2,20
+180.80350732803345,14.4,420.5,46.8,-15.2,VCV,15,500,1:2,20
+181.05393481254578,10.36,354.5,56.0,-22.1,VCV,15,500,1:2,20
+181.30428743362427,8.2,270.5,58.3,-22.5,VCV,15,500,1:2,20
+181.55635929107666,7.2,185.5,45.7,-22.5,VCV,15,500,1:2,20
+181.80636739730835,5.06,107.5,55.3,-18.1,VCV,15,500,1:2,20
+182.05684685707092,2.28,58.6,46.9,-13.0,VCV,15,500,1:2,20
+182.30671167373657,0.92,18.5,23.0,-8.8,VCV,15,500,1:2,20
+182.55643153190613,0.47,0.0,45.4,0.0,VCV,15,500,1:2,20
+182.80693292617798,0.13,0.0,55.4,0.0,VCV,15,500,1:2,20
+183.05959224700928,0.01,9.2,51.9,9.3,VCV,15,500,1:2,20
+183.3096480369568,-0.09,63.7,26.7,23.2,VCV,15,500,1:2,20
+183.5595862865448,-0.02,190.2,18.7,45.0,VCV,15,500,1:2,20
+183.80951714515686,5.15,353.1,9.6,44.4,VCV,15,500,1:2,20
+184.05952286720276,14.47,455.1,4.0,18.3,VCV,15,500,1:2,20
+184.30963492393494,25.51,498.9,32.2,7.2,VCV,15,500,1:2,20
+184.56274342536926,26.91,468.9,43.7,-10.1,VCV,15,500,1:2,20
+184.8127624988556,14.05,422.8,50.1,-14.9,VCV,15,500,1:2,20
+185.06266856193542,9.62,356.8,52.3,-21.8,VCV,15,500,1:2,20
+185.31260538101196,5.76,274.2,58.9,-22.5,VCV,15,500,1:2,20
+185.5625514984131,4.01,189.7,59.1,-22.5,VCV,15,500,1:2,20
+185.81258130073547,3.91,111.2,55.1,-18.5,VCV,15,500,1:2,20
+186.06250739097595,4.21,54.5,44.2,-12.6,VCV,15,500,1:2,20
+186.31301140785217,4.42,15.2,17.8,-8.5,VCV,15,500,1:2,20
+186.56560158729553,2.55,0.0,42.1,0.0,VCV,15,500,1:2,20
+186.8155655860901,1.36,0.0,54.5,0.0,VCV,15,500,1:2,20
+187.06556725502014,0.48,6.9,44.4,8.7,VCV,15,500,1:2,20
+187.31559443473816,0.12,60.5,15.9,22.3,VCV,15,500,1:2,20
+187.5663161277771,0.22,183.2,23.2,45.0,VCV,15,500,1:2,20
+187.81625723838806,3.28,344.8,16.7,45.0,VCV,15,500,1:2,20
+188.0657410621643,15.82,451.8,0.6,19.2,VCV,15,500,1:2,20
+188.31883835792542,21.97,498.5,26.8,7.3,VCV,15,500,1:2,20
+188.5687232017517,26.04,471.2,44.1,-9.9,VCV,15,500,1:2,20
+188.8186960220337,14.94,426.9,50.1,-14.5,VCV,15,500,1:2,20
+189.06867218017578,9.7,362.8,49.9,-21.2,VCV,15,500,1:2,20
+189.31856226921082,7.45,278.8,60.7,-22.5,VCV,15,500,1:2,20
+189.56852650642395,5.91,194.3,50.1,-22.5,VCV,15,500,1:2,20
+189.8200023174286,3.81,115.4,56.8,-18.9,VCV,15,500,1:2,20
+190.07177186012268,2.5,57.2,50.0,-12.9,VCV,15,500,1:2,20
+190.3217053413391,1.97,17.1,14.2,-8.7,VCV,15,500,1:2,20
+190.5715456008911,1.52,0.0,39.1,0.0,VCV,15,500,1:2,20
+190.82154059410095,0.88,0.0,43.4,0.0,VCV,15,500,1:2,20
+191.0717580318451,0.24,5.1,47.9,8.2,VCV,15,500,1:2,20
+191.3218014240265,0.04,55.8,20.6,21.2,VCV,15,500,1:2,20
+191.57503747940063,0.06,173.5,27.2,45.0,VCV,15,500,1:2,20
+191.82499766349792,1.74,337.4,21.6,45.0,VCV,15,500,1:2,20
+192.0750560760498,14.58,448.2,-14.5,20.1,VCV,15,500,1:2,20
+192.32498574256897,25.8,496.6,20.9,7.7,VCV,15,500,1:2,20
+192.57492542266846,26.26,473.1,61.7,-9.7,VCV,15,500,1:2,20
+192.82491993904114,16.91,429.2,52.5,-14.3,VCV,15,500,1:2,20
+193.0762231349945,11.28,366.9,52.3,-20.8,VCV,15,500,1:2,20
+193.32809782028198,10.53,282.9,44.3,-22.5,VCV,15,500,1:2,20
+193.5783052444458,9.97,198.0,51.1,-22.5,VCV,15,500,1:2,20
+193.82829189300537,8.85,117.2,51.8,-19.1,VCV,15,500,1:2,20
+194.07822442054749,6.17,59.1,47.3,-13.1,VCV,15,500,1:2,20
+194.32820057868958,3.36,18.5,19.5,-8.8,VCV,15,500,1:2,20
+194.57801175117493,1.81,0.0,41.3,0.0,VCV,15,500,1:2,20
+194.82802844047546,0.65,0.0,49.9,0.0,VCV,15,500,1:2,20
+195.0779366493225,0.17,4.2,57.7,8.0,VCV,15,500,1:2,20
+195.33139300346375,-0.02,54.0,31.1,20.7,VCV,15,500,1:2,20
+195.58126592636108,-0.04,168.5,27.9,45.0,VCV,15,500,1:2,20
+195.83120346069336,2.78,331.8,17.3,45.0,VCV,15,500,1:2,20
+196.08129262924194,11.05,446.8,-29.1,20.5,VCV,15,500,1:2,20
+196.33118271827698,24.18,495.7,-15.4,8.0,VCV,15,500,1:2,20
+196.58114314079285,25.61,474.0,-67.0,-9.6,VCV,15,500,1:2,20
+196.83412837982178,16.22,429.7,-0.9,-14.2,VCV,15,500,1:2,20
+197.08439111709595,13.12,366.5,35.3,-20.8,VCV,15,500,1:2,20
+197.33427929878235,9.88,284.8,56.9,-22.5,VCV,15,500,1:2,20
+197.5842423439026,6.61,200.3,60.5,-22.5,VCV,15,500,1:2,20
+197.83423280715942,3.71,119.5,53.8,-19.4,VCV,15,500,1:2,20
+198.08417534828186,2.64,60.5,57.1,-13.2,VCV,15,500,1:2,20
+198.33560824394226,1.46,19.4,20.6,-8.9,VCV,15,500,1:2,20
+198.58396983146667,0.53,0.0,43.3,0.0,VCV,15,500,1:2,20
+198.83723306655884,0.2,0.0,50.7,0.0,VCV,15,500,1:2,20
+199.08726930618286,-0.02,3.2,50.3,7.7,VCV,15,500,1:2,20
+199.337256193161,-0.11,51.7,30.5,20.1,VCV,15,500,1:2,20
+199.58717131614685,0.11,161.5,28.6,45.0,VCV,15,500,1:2,20
+199.83715558052063,1.8,324.9,24.8,45.0,VCV,15,500,1:2,20
+200.0871548652649,13.75,443.1,35.7,21.4,VCV,15,500,1:2,20
+200.33879899978638,24.46,494.3,40.0,8.3,VCV,15,500,1:2,20
+200.59034872055054,26.01,475.4,-21.0,-9.5,VCV,15,500,1:2,20
+200.84037947654724,17.17,432.0,18.9,-14.0,VCV,15,500,1:2,20
+201.09034943580627,11.29,370.2,42.7,-20.4,VCV,15,500,1:2,20
+201.34020924568176,9.55,287.5,55.3,-22.5,VCV,15,500,1:2,20
+201.59017276763916,8.73,204.5,54.5,-22.5,VCV,15,500,1:2,20
+201.84015583992004,7.95,122.8,65.5,-19.7,VCV,15,500,1:2,20
+202.0917420387268,5.01,62.8,55.6,-13.5,VCV,15,500,1:2,20
+202.34335565567017,2.94,20.3,25.9,-9.0,VCV,15,500,1:2,20
+202.59320092201233,1.16,0.0,47.8,0.0,VCV,15,500,1:2,20
+202.84316778182983,0.4,0.0,45.7,0.0,VCV,15,500,1:2,20
+203.0931258201599,0.08,1.8,56.4,7.4,VCV,15,500,1:2,20
+203.34318780899048,-0.02,47.5,34.3,19.0,VCV,15,500,1:2,20
+203.59432768821716,0.13,154.6,41.1,45.0,VCV,15,500,1:2,20
+203.84411811828613,3.13,315.7,36.7,45.0,VCV,15,500,1:2,20
+204.09639406204224,11.4,438.9,15.0,22.5,VCV,15,500,1:2,20
+204.34635376930237,22.01,492.9,28.7,8.7,VCV,15,500,1:2,20
+204.5962677001953,25.47,477.2,33.9,-9.3,VCV,15,500,1:2,20
+204.8463053703308,15.36,435.2,47.9,-13.7,VCV,15,500,1:2,20
+205.09624695777893,12.0,374.3,54.0,-20.0,VCV,15,500,1:2,20
+205.34615755081177,8.47,292.6,59.5,-22.5,VCV,15,500,1:2,20
+205.59614157676697,5.16,208.2,51.7,-22.5,VCV,15,500,1:2,20
+205.84944009780884,3.47,126.9,44.8,-20.2,VCV,15,500,1:2,20
+206.0996379852295,2.58,65.5,46.0,-13.7,VCV,15,500,1:2,20
+206.3495762348175,1.51,22.2,16.8,-9.2,VCV,15,500,1:2,20
+206.59955763816833,0.92,0.0,29.8,0.0,VCV,15,500,1:2,20
+206.8494517803192,0.33,38.8,22.0,16.8,VCV,15,500,1:2,20
+207.09989523887634,0.33,132.5,33.0,40.7,VCV,15,500,1:2,20
+207.35034203529358,2.67,294.9,15.4,45.0,VCV,15,500,1:2,20
+207.60242652893066,9.52,427.8,23.9,25.3,VCV,15,500,1:2,20
+207.85269951820374,20.43,487.4,-21.8,10.1,VCV,15,500,1:2,20
+208.10260248184204,27.16,482.3,-26.9,-8.7,VCV,15,500,1:2,20
+208.3526132106781,19.93,442.2,11.3,-12.9,VCV,15,500,1:2,20
+208.6025652885437,14.36,384.0,35.8,-19.0,VCV,15,500,1:2,20
+208.8524854183197,11.25,304.6,45.6,-22.5,VCV,15,500,1:2,20
+209.10693526268005,7.28,220.6,58.1,-22.5,VCV,15,500,1:2,20
+209.3560402393341,4.94,136.6,52.4,-21.2,VCV,15,500,1:2,20
+209.60564136505127,2.54,72.5,55.4,-14.5,VCV,15,500,1:2,20
+209.85566926002502,0.95,28.2,28.6,-9.9,VCV,15,500,1:2,20
+210.1054425239563,0.31,0.0,37.2,0.0,VCV,15,500,1:2,20
+210.35540556907654,0.13,0.0,37.9,0.0,VCV,15,500,1:2,20
+210.60537552833557,-0.04,0.0,46.6,0.0,VCV,15,500,1:2,20
+210.85540747642517,-0.1,36.0,25.3,16.1,VCV,15,500,1:2,20
+211.10844826698303,-0.11,128.3,22.6,39.7,VCV,15,500,1:2,20
+211.35860753059387,0.81,290.3,8.2,45.0,VCV,15,500,1:2,20
+211.60861825942993,12.15,425.5,7.1,25.9,VCV,15,500,1:2,20
+211.85861778259277,22.39,486.5,22.0,10.3,VCV,15,500,1:2,20
+212.10851168632507,26.84,483.2,34.0,-8.7,VCV,15,500,1:2,20
+212.35854744911194,18.41,443.1,51.9,-12.8,VCV,15,500,1:2,20
+212.6096796989441,14.77,385.8,52.6,-18.8,VCV,15,500,1:2,20
+212.8584418296814,10.9,307.4,62.9,-22.5,VCV,15,500,1:2,20
+213.11164164543152,7.33,222.5,66.7,-22.5,VCV,15,500,1:2,20
+213.36165499687195,4.84,138.5,65.2,-21.4,VCV,15,500,1:2,20
+213.6115734577179,3.61,73.8,64.2,-14.6,VCV,15,500,1:2,20
+213.86158847808838,1.7,29.1,32.3,-10.0,VCV,15,500,1:2,20
+214.11144733428955,0.66,0.0,35.2,0.0,VCV,15,500,1:2,20
+214.3613543510437,0.23,0.0,46.9,0.0,VCV,15,500,1:2,20
+214.6126570701599,0.08,0.0,52.0,0.0,VCV,15,500,1:2,20
+214.86501455307007,-0.02,34.2,38.6,15.6,VCV,15,500,1:2,20
+215.11465406417847,-0.06,124.6,43.4,38.7,VCV,15,500,1:2,20
+215.36456060409546,0.11,284.8,29.4,45.0,VCV,15,500,1:2,20
+215.61458921432495,10.04,422.3,-17.8,26.7,VCV,15,500,1:2,20
+215.86455965042114,21.66,485.1,10.8,10.7,VCV,15,500,1:2,20
+216.11447381973267,27.06,485.1,10.4,-8.5,VCV,15,500,1:2,20
+216.36486649513245,20.06,445.8,37.0,-12.5,VCV,15,500,1:2,20
+216.6177363395691,13.62,389.5,44.1,-18.4,VCV,15,500,1:2,20
+216.86765551567078,9.31,312.5,60.9,-22.5,VCV,15,500,1:2,20
+217.117591381073,6.74,227.5,62.2,-22.5,VCV,15,500,1:2,20
+217.36758255958557,3.95,143.1,59.8,-21.8,VCV,15,500,1:2,20
+217.61752200126648,2.67,76.6,49.5,-14.9,VCV,15,500,1:2,20
+217.86754775047302,2.34,30.5,25.3,-10.1,VCV,15,500,1:2,20
+218.11732506752014,2.44,0.0,42.5,0.0,VCV,15,500,1:2,20
+218.37059807777405,2.11,0.0,42.5,0.0,VCV,15,500,1:2,20
+218.62055349349976,1.93,0.0,47.0,0.0,VCV,15,500,1:2,20
+218.8705976009369,2.84,30.5,42.2,14.7,VCV,15,500,1:2,20
+219.12057495117188,3.69,100.6,25.6,32.6,VCV,15,500,1:2,20
+219.37050580978394,3.39,252.5,21.4,45.0,VCV,15,500,1:2,20
+219.62051010131836,7.52,402.5,-10.9,31.8,VCV,15,500,1:2,20
+219.8705539703369,18.76,476.8,32.9,12.8,VCV,15,500,1:2,20
+220.12398481369019,26.25,484.6,30.3,-8.2,VCV,15,500,1:2,20
+220.37460565567017,17.75,446.3,42.1,-12.2,VCV,15,500,1:2,20
+220.6239674091339,14.02,390.9,55.3,-18.0,VCV,15,500,1:2,20
+220.87385082244873,10.66,313.4,63.0,-22.5,VCV,15,500,1:2,20
+221.1238009929657,8.66,229.4,65.3,-22.5,VCV,15,500,1:2,20
+221.37419056892395,6.37,144.9,60.7,-22.1,VCV,15,500,1:2,20
+221.62676811218262,4.8,77.5,54.9,-15.1,VCV,15,500,1:2,20
+221.87674808502197,2.75,31.4,31.6,-10.2,VCV,15,500,1:2,20
+222.12684035301208,1.07,0.0,36.5,0.0,VCV,15,500,1:2,20
+222.37681984901428,0.53,0.0,58.4,0.0,VCV,15,500,1:2,20
+222.62675094604492,0.15,0.0,52.0,0.0,VCV,15,500,1:2,20
+222.87683057785034,-0.01,28.2,39.0,14.1,VCV,15,500,1:2,20
+223.12723445892334,-0.06,110.8,26.1,35.2,VCV,15,500,1:2,20
+223.38028025627136,0.3,264.9,24.3,45.0,VCV,15,500,1:2,20
+223.6302728652954,10.07,410.3,3.1,29.7,VCV,15,500,1:2,20
+223.8808193206787,22.48,480.5,0.8,11.9,VCV,15,500,1:2,20
+224.13352489471436,27.61,487.8,43.3,-8.2,VCV,15,500,1:2,20
+224.38350677490234,20.95,450.0,67.8,-12.1,VCV,15,500,1:2,20
+224.63344502449036,14.78,396.0,54.0,-17.7,VCV,15,500,1:2,20
+224.88339161872864,12.41,319.8,55.4,-22.5,VCV,15,500,1:2,20
+225.1333041191101,8.35,234.9,61.6,-22.5,VCV,15,500,1:2,20
+225.3832712173462,4.62,151.8,66.8,-22.5,VCV,15,500,1:2,20
+225.63753867149353,1.79,82.6,62.3,-15.5,VCV,15,500,1:2,20
+225.88669157028198,0.96,34.2,33.7,-10.5,VCV,15,500,1:2,20
+226.13644528388977,0.4,1.4,40.9,-7.1,VCV,15,500,1:2,20
+226.38631010055542,0.27,0.0,53.7,0.0,VCV,15,500,1:2,20
+226.63627123832703,0.09,0.0,60.2,0.0,VCV,15,500,1:2,20
+226.88628888130188,0.07,26.8,36.9,13.7,VCV,15,500,1:2,20
+227.13630175590515,0.07,107.5,29.7,34.4,VCV,15,500,1:2,20
+227.38648009300232,0.26,262.6,23.0,45.0,VCV,15,500,1:2,20
+227.6398150920868,14.46,407.5,19.9,30.5,VCV,15,500,1:2,20
+227.88978171348572,23.57,479.5,35.2,12.1,VCV,15,500,1:2,20
+228.13971042633057,30.17,489.7,51.3,-8.0,VCV,15,500,1:2,20
+228.38967037200928,23.61,452.3,42.6,-11.9,VCV,15,500,1:2,20
+228.63972663879395,13.8,399.7,54.9,-17.4,VCV,15,500,1:2,20
+228.8895616531372,7.29,324.0,63.8,-22.5,VCV,15,500,1:2,20
+229.13952565193176,3.64,239.5,53.1,-22.5,VCV,15,500,1:2,20
+229.3927731513977,2.36,154.2,52.8,-22.5,VCV,15,500,1:2,20
+229.64277696609497,1.51,85.8,60.3,-15.9,VCV,15,500,1:2,20
+229.89274406433105,1.03,36.0,24.3,-10.7,VCV,15,500,1:2,20
+230.1426694393158,0.96,2.8,32.4,-7.2,VCV,15,500,1:2,20
+230.39253950119019,2.82,0.0,39.6,0.0,VCV,15,500,1:2,20
+230.6424994468689,2.55,0.0,55.1,0.0,VCV,15,500,1:2,20
+230.8963339328766,0.96,23.5,48.4,12.9,VCV,15,500,1:2,20
+231.15056133270264,0.48,100.2,24.3,32.5,VCV,15,500,1:2,20
+231.39960741996765,0.53,252.5,35.0,45.0,VCV,15,500,1:2,20
+231.64959025382996,10.51,402.5,-10.8,31.8,VCV,15,500,1:2,20
+231.89961957931519,24.15,476.8,-25.8,12.8,VCV,15,500,1:2,20
+232.14948773384094,29.89,491.5,21.0,-7.8,VCV,15,500,1:2,20
+232.3994836807251,23.17,455.5,32.4,-11.5,VCV,15,500,1:2,20
+232.6494607925415,17.27,402.9,33.6,-17.0,VCV,15,500,1:2,20
+232.8996593952179,11.27,328.2,50.0,-22.5,VCV,15,500,1:2,20
+233.15287685394287,9.08,243.2,56.4,-22.5,VCV,15,500,1:2,20
+233.40283513069153,6.14,158.8,59.7,-22.5,VCV,15,500,1:2,20
+233.65282678604126,4.58,88.2,61.0,-16.1,VCV,15,500,1:2,20
+233.90277910232544,2.39,38.3,33.8,-10.9,VCV,15,500,1:2,20
+234.15271973609924,0.93,4.2,25.5,-7.4,VCV,15,500,1:2,20
+234.40258979797363,0.29,0.0,41.1,0.0,VCV,15,500,1:2,20
+234.65254378318787,0.08,0.0,44.4,0.0,VCV,15,500,1:2,20
+234.9058768749237,-0.09,20.8,46.6,12.2,VCV,15,500,1:2,20
+235.15586709976196,-0.13,92.3,29.0,30.5,VCV,15,500,1:2,20
+235.40578246116638,0.19,239.5,35.9,45.0,VCV,15,500,1:2,20
+235.6558313369751,6.9,393.2,-17.1,34.1,VCV,15,500,1:2,20
+235.905832529068,19.66,471.7,31.8,14.1,VCV,15,500,1:2,20
+236.15568828582764,27.83,493.4,50.6,-7.6,VCV,15,500,1:2,20
+236.40569853782654,23.92,457.4,83.0,-11.3,VCV,15,500,1:2,20
+236.66019010543823,15.9,404.8,65.7,-16.8,VCV,15,500,1:2,20
+236.90917110443115,11.2,333.2,62.4,-22.5,VCV,15,500,1:2,20
+237.15882205963135,7.66,248.8,65.8,-22.5,VCV,15,500,1:2,20
+237.40879106521606,4.75,164.3,63.5,-22.5,VCV,15,500,1:2,20
+237.65876626968384,1.93,91.8,56.0,-16.5,VCV,15,500,1:2,20
+237.9087233543396,0.79,45.7,35.9,-11.7,VCV,15,500,1:2,20
+238.1586503982544,0.64,9.7,28.5,-7.9,VCV,15,500,1:2,20
+238.40988445281982,0.63,0.0,48.4,0.0,VCV,15,500,1:2,20
+238.6618320941925,0.38,0.0,54.4,0.0,VCV,15,500,1:2,20
+238.9117715358734,0.22,18.0,54.6,11.5,VCV,15,500,1:2,20
+239.16179084777832,0.14,85.4,28.9,28.7,VCV,15,500,1:2,20
+239.4117293357849,1.94,228.0,45.1,45.0,VCV,15,500,1:2,20
+239.66172862052917,7.61,384.9,36.7,36.2,VCV,15,500,1:2,20
+239.91170740127563,22.7,468.5,33.4,14.9,VCV,15,500,1:2,20
+240.1634829044342,27.07,494.8,72.2,-7.5,VCV,15,500,1:2,20
+240.41489934921265,20.05,459.7,35.6,-11.1,VCV,15,500,1:2,20
+240.6649136543274,13.17,409.4,40.8,-16.3,VCV,15,500,1:2,20
+240.91883873939514,7.03,338.3,51.4,-22.5,VCV,15,500,1:2,20
+241.16474843025208,3.93,254.8,57.3,-22.5,VCV,15,500,1:2,20
+241.41469287872314,2.37,170.3,68.8,-22.5,VCV,15,500,1:2,20
+241.66471982002258,1.76,95.5,58.1,-16.9,VCV,15,500,1:2,20
+241.92021584510803,1.22,43.8,34.1,-11.5,VCV,15,500,1:2,20
+242.16932892799377,0.9,8.3,28.2,-7.8,VCV,15,500,1:2,20
+242.41784381866455,0.78,0.0,42.6,0.0,VCV,15,500,1:2,20
+242.66770839691162,0.62,0.0,43.8,0.0,VCV,15,500,1:2,20
+242.92173194885254,0.51,17.1,45.7,11.3,VCV,15,500,1:2,20
+243.16768598556519,0.46,82.6,21.5,28.0,VCV,15,500,1:2,20
+243.41764974594116,0.95,224.8,30.0,45.0,VCV,15,500,1:2,20
+243.6680679321289,9.68,383.1,32.0,36.7,VCV,15,500,1:2,20
diff --git a/Code/ML/data/resrictive.csv b/Code/ML/data/resrictive.csv
new file mode 100644
index 0000000..3150bb6
--- /dev/null
+++ b/Code/ML/data/resrictive.csv
@@ -0,0 +1,387 @@
+Time,Pressure,Volume,PhysicalFlow,CalcFlow,Mode,RR,TV,IERatio,PIP
+17.837586402893066,-0.01,0.0,3.4,6.9,VCV,15,500,1:2,20
+18.07326650619507,-0.01,42.9,1.1,17.9,VCV,15,500,1:2,20
+18.322574615478516,0.01,142.6,14.4,43.3,VCV,15,500,1:2,20
+18.572697401046753,1.05,305.5,1.6,45.0,VCV,15,500,1:2,20
+18.824403762817383,12.44,433.4,-27.3,23.9,VCV,15,500,1:2,20
+19.07523226737976,22.25,490.2,31.5,9.4,VCV,15,500,1:2,20
+19.32502031326294,26.35,479.5,88.8,-9.0,VCV,15,500,1:2,20
+19.57550048828125,18.0,437.5,21.6,-13.4,VCV,15,500,1:2,20
+19.826094150543213,9.21,377.1,23.1,-19.7,VCV,15,500,1:2,20
+20.0777485370636,5.96,295.8,47.2,-22.5,VCV,15,500,1:2,20
+20.328730821609497,3.0,212.3,51.2,-22.5,VCV,15,500,1:2,20
+20.578486680984497,1.64,130.2,55.5,-20.5,VCV,15,500,1:2,20
+20.828412771224976,0.99,67.8,57.1,-14.0,VCV,15,500,1:2,20
+21.078189611434937,0.71,24.9,24.6,-9.5,VCV,15,500,1:2,20
+21.32804226875305,0.47,0.0,41.0,0.0,VCV,15,500,1:2,20
+21.578787088394165,0.3,0.0,45.3,0.0,VCV,15,500,1:2,20
+21.849360466003418,0.19,0.0,42.1,6.9,VCV,15,500,1:2,20
+22.090190410614014,0.12,42.9,19.7,17.9,VCV,15,500,1:2,20
+22.340492248535156,0.2,143.1,23.4,43.4,VCV,15,500,1:2,20
+22.590411901474,5.97,306.0,34.7,45.0,VCV,15,500,1:2,20
+22.840704917907715,17.52,433.8,43.0,23.7,VCV,15,500,1:2,20
+23.090800285339355,31.03,490.2,29.7,9.4,VCV,15,500,1:2,20
+23.34241008758545,32.02,479.5,-25.7,-9.0,VCV,15,500,1:2,20
+23.592654943466187,17.3,437.5,-19.4,-13.4,VCV,15,500,1:2,20
+23.843343496322632,10.32,378.0,3.4,-19.6,VCV,15,500,1:2,20
+24.097350358963013,4.74,297.2,39.1,-22.5,VCV,15,500,1:2,20
+24.343425035476685,2.33,214.2,55.0,-22.5,VCV,15,500,1:2,20
+24.594064950942993,1.19,131.5,61.4,-20.6,VCV,15,500,1:2,20
+24.843815088272095,0.86,68.8,48.5,-14.1,VCV,15,500,1:2,20
+25.098934412002563,0.53,25.4,15.3,-9.6,VCV,15,500,1:2,20
+25.345465898513794,0.32,0.0,17.2,0.0,VCV,15,500,1:2,20
+25.595953464508057,0.24,0.0,19.5,0.0,VCV,15,500,1:2,20
+25.87089729309082,0.13,0.0,42.1,6.9,VCV,15,500,1:2,20
+26.104433298110962,0.08,42.9,19.8,17.9,VCV,15,500,1:2,20
+26.354048252105713,0.42,143.1,7.5,43.4,VCV,15,500,1:2,20
+26.604161977767944,4.55,306.0,-1.4,45.0,VCV,15,500,1:2,20
+26.8543221950531,21.54,433.8,28.9,23.7,VCV,15,500,1:2,20
+27.106690168380737,32.46,490.2,41.2,9.4,VCV,15,500,1:2,20
+27.356740474700928,28.94,480.0,-20.9,-9.0,VCV,15,500,1:2,20
+27.606916427612305,18.86,438.5,3.7,-13.3,VCV,15,500,1:2,20
+27.857628345489502,9.54,379.4,25.6,-19.5,VCV,15,500,1:2,20
+28.11170506477356,4.49,299.1,43.8,-22.5,VCV,15,500,1:2,20
+28.357757329940796,2.54,215.1,53.1,-22.5,VCV,15,500,1:2,20
+28.607933282852173,1.15,132.5,55.9,-20.7,VCV,15,500,1:2,20
+28.859440326690674,0.72,69.7,53.2,-14.2,VCV,15,500,1:2,20
+29.11436176300049,0.64,25.4,19.7,-9.6,VCV,15,500,1:2,20
+29.359926223754883,0.59,0.0,26.9,0.0,VCV,15,500,1:2,20
+29.610206127166748,0.77,0.0,46.0,0.0,VCV,15,500,1:2,20
+29.885340690612793,0.74,0.0,48.3,6.9,VCV,15,500,1:2,20
+30.118809938430786,0.54,42.9,23.0,17.9,VCV,15,500,1:2,20
+30.36968994140625,0.68,143.1,17.6,43.4,VCV,15,500,1:2,20
+30.619584321975708,6.8,306.0,21.3,45.0,VCV,15,500,1:2,20
+30.87089443206787,19.2,433.8,60.8,23.7,VCV,15,500,1:2,20
+31.12101435661316,31.95,489.7,49.0,9.5,VCV,15,500,1:2,20
+31.370967864990234,32.12,480.5,40.1,-8.9,VCV,15,500,1:2,20
+31.62184429168701,17.14,439.4,29.4,-13.2,VCV,15,500,1:2,20
+31.87167978286743,10.31,380.8,19.2,-19.3,VCV,15,500,1:2,20
+32.12193274497986,4.51,300.5,41.7,-22.5,VCV,15,500,1:2,20
+32.37216234207153,1.98,216.0,52.2,-22.5,VCV,15,500,1:2,20
+32.62386155128479,1.13,133.4,52.6,-20.8,VCV,15,500,1:2,20
+32.873828649520874,0.53,70.2,58.9,-14.2,VCV,15,500,1:2,20
+33.123961210250854,0.23,25.8,11.5,-9.6,VCV,15,500,1:2,20
+33.37440824508667,0.13,0.0,31.9,0.0,VCV,15,500,1:2,20
+33.624579191207886,0.1,0.0,33.4,0.0,VCV,15,500,1:2,20
+33.90483593940735,263.58,0.0,27.0,6.9,VCV,15,500,1:2,20
+34.14014649391174,-0.01,43.8,13.3,18.1,VCV,15,500,1:2,20
+34.390268325805664,0.06,146.3,13.6,44.2,VCV,15,500,1:2,20
+34.64033246040344,3.44,309.2,13.0,45.0,VCV,15,500,1:2,20
+34.89459705352783,20.54,435.7,55.2,23.3,VCV,15,500,1:2,20
+35.14450240135193,32.55,491.1,46.7,9.2,VCV,15,500,1:2,20
+35.39343285560608,35.14,482.8,28.8,-8.7,VCV,15,500,1:2,20
+35.64245629310608,20.31,442.2,12.0,-12.9,VCV,15,500,1:2,20
+35.89738321304321,9.31,384.9,38.6,-18.9,VCV,15,500,1:2,20
+36.14295530319214,4.1,306.5,45.0,-22.5,VCV,15,500,1:2,20
+36.39327049255371,2.41,222.0,49.1,-22.5,VCV,15,500,1:2,20
+36.6422700881958,1.11,138.5,49.8,-21.4,VCV,15,500,1:2,20
+36.89623022079468,0.54,73.8,59.5,-14.6,VCV,15,500,1:2,20
+37.142171144485474,0.24,30.0,24.4,-10.0,VCV,15,500,1:2,20
+37.404908180236816,-1166.22,0.0,35.7,6.9,VCV,15,500,1:2,20
+37.64561653137207,0.06,42.9,21.6,17.9,VCV,15,500,1:2,20
+37.89943194389343,0.13,143.5,10.8,43.5,VCV,15,500,1:2,20
+38.1493444442749,3.0,306.5,13.4,45.0,VCV,15,500,1:2,20
+38.39936351776123,17.37,434.3,70.5,23.6,VCV,15,500,1:2,20
+38.64934825897217,29.41,490.6,29.1,9.3,VCV,15,500,1:2,20
+38.89929389953613,31.37,479.1,-63.2,-9.1,VCV,15,500,1:2,20
+39.15231800079346,21.64,437.1,-19.9,-13.5,VCV,15,500,1:2,20
+39.402244329452515,11.6,377.5,6.6,-19.7,VCV,15,500,1:2,20
+39.65241575241089,7.21,296.3,39.0,-22.5,VCV,15,500,1:2,20
+39.902377128601074,2.55,212.8,48.7,-22.5,VCV,15,500,1:2,20
+40.1523711681366,1.46,130.2,54.7,-20.5,VCV,15,500,1:2,20
+40.40234708786011,0.6,68.3,53.3,-14.0,VCV,15,500,1:2,20
+40.652246952056885,0.31,24.9,20.1,-9.5,VCV,15,500,1:2,20
+40.90313959121704,0.1,0.0,35.8,0.0,VCV,15,500,1:2,20
+41.15346884727478,0.02,0.0,45.8,0.0,VCV,15,500,1:2,20
+41.42580485343933,-0.03,0.0,48.0,6.9,VCV,15,500,1:2,20
+41.66575241088867,-0.03,43.4,27.3,18.0,VCV,15,500,1:2,20
+41.91743755340576,-0.01,145.8,24.8,44.1,VCV,15,500,1:2,20
+42.167054653167725,4.6,308.8,13.1,45.0,VCV,15,500,1:2,20
+42.417083501815796,15.56,435.7,51.8,23.3,VCV,15,500,1:2,20
+42.666999101638794,32.92,490.6,19.0,9.3,VCV,15,500,1:2,20
+42.916969776153564,37.17,480.0,-2.4,-9.0,VCV,15,500,1:2,20
+43.166948318481445,18.74,438.5,22.1,-13.3,VCV,15,500,1:2,20
+43.41723012924194,10.87,379.4,38.0,-19.5,VCV,15,500,1:2,20
+43.6741943359375,5.02,298.2,43.9,-22.5,VCV,15,500,1:2,20
+43.92089891433716,2.12,214.2,54.2,-22.5,VCV,15,500,1:2,20
+44.173898458480835,1.12,131.5,57.4,-20.6,VCV,15,500,1:2,20
+44.42383623123169,0.92,68.8,52.7,-14.1,VCV,15,500,1:2,20
+44.67407011985779,0.69,24.9,18.2,-9.5,VCV,15,500,1:2,20
+44.92397856712341,0.49,0.0,21.0,0.0,VCV,15,500,1:2,20
+45.173964500427246,0.6,0.0,36.9,0.0,VCV,15,500,1:2,20
+45.44112968444824,0.54,0.0,42.9,6.9,VCV,15,500,1:2,20
+45.681283950805664,0.4,42.9,20.6,17.9,VCV,15,500,1:2,20
+45.93129539489746,0.51,143.1,17.7,43.4,VCV,15,500,1:2,20
+46.18121361732483,4.42,306.0,28.4,45.0,VCV,15,500,1:2,20
+46.43122434616089,21.43,433.8,52.7,23.7,VCV,15,500,1:2,20
+46.68118977546692,33.17,490.2,19.4,9.4,VCV,15,500,1:2,20
+46.931097745895386,30.57,479.5,-2.0,-9.0,VCV,15,500,1:2,20
+47.18239164352417,19.27,437.5,16.1,-13.4,VCV,15,500,1:2,20
+47.43434405326843,8.35,378.0,30.8,-19.6,VCV,15,500,1:2,20
+47.68836045265198,3.47,296.8,50.9,-22.5,VCV,15,500,1:2,20
+47.93424606323242,1.91,213.7,58.2,-22.5,VCV,15,500,1:2,20
+48.18429732322693,0.77,130.6,54.0,-20.5,VCV,15,500,1:2,20
+48.43420386314392,0.29,67.8,56.9,-14.0,VCV,15,500,1:2,20
+48.688190937042236,0.1,24.5,22.1,-9.5,VCV,15,500,1:2,20
+48.93397665023804,0.04,0.0,36.5,0.0,VCV,15,500,1:2,20
+49.18438506126404,-0.0,0.0,31.5,0.0,VCV,15,500,1:2,20
+49.45663380622864,-0.03,0.0,43.9,6.9,VCV,15,500,1:2,20
+49.69571542739868,-0.03,42.9,21.9,17.9,VCV,15,500,1:2,20
+49.94573211669922,0.02,143.5,15.6,43.5,VCV,15,500,1:2,20
+50.195613861083984,5.06,306.5,20.3,45.0,VCV,15,500,1:2,20
+50.44561171531677,17.21,434.3,52.7,23.6,VCV,15,500,1:2,20
+50.69591784477234,30.99,490.2,31.5,9.4,VCV,15,500,1:2,20
+50.94548940658569,32.39,479.5,6.4,-9.0,VCV,15,500,1:2,20
+51.198553800582886,17.35,437.5,24.0,-13.4,VCV,15,500,1:2,20
+51.44874024391174,9.88,377.1,36.9,-19.7,VCV,15,500,1:2,20
+51.69866681098938,4.12,295.8,47.7,-22.5,VCV,15,500,1:2,20
+51.94861721992493,1.69,212.3,54.5,-22.5,VCV,15,500,1:2,20
+52.198604583740234,0.67,130.2,52.0,-20.5,VCV,15,500,1:2,20
+52.44989728927612,0.34,67.8,46.4,-14.0,VCV,15,500,1:2,20
+52.7000617980957,0.1,24.5,22.0,-9.5,VCV,15,500,1:2,20
+52.9483699798584,-0.03,0.0,36.1,0.0,VCV,15,500,1:2,20
+53.20164680480957,-0.05,0.0,37.6,0.0,VCV,15,500,1:2,20
+53.47189664840698,-0.06,0.0,43.1,6.9,VCV,15,500,1:2,20
+53.70980644226074,-0.06,42.9,9.5,17.9,VCV,15,500,1:2,20
+53.95979952812195,0.03,143.1,6.5,43.4,VCV,15,500,1:2,20
+54.2097225189209,2.95,305.5,24.1,45.0,VCV,15,500,1:2,20
+54.46014070510864,19.63,433.8,17.6,23.7,VCV,15,500,1:2,20
+54.71277952194214,32.27,490.2,43.7,9.4,VCV,15,500,1:2,20
+54.962655544281006,31.01,480.0,34.5,-9.0,VCV,15,500,1:2,20
+55.21294689178467,20.27,438.5,36.5,-13.3,VCV,15,500,1:2,20
+55.46286177635193,8.65,379.8,29.0,-19.4,VCV,15,500,1:2,20
+55.71280837059021,4.83,299.1,44.7,-22.5,VCV,15,500,1:2,20
+55.96276521682739,2.0,215.5,52.6,-22.5,VCV,15,500,1:2,20
+56.213106632232666,0.82,132.0,49.7,-20.7,VCV,15,500,1:2,20
+56.46343469619751,0.32,68.8,53.3,-14.1,VCV,15,500,1:2,20
+56.71567988395691,0.13,25.4,28.1,-9.6,VCV,15,500,1:2,20
+56.965792179107666,0.02,0.0,29.9,0.0,VCV,15,500,1:2,20
+57.21607518196106,-0.02,0.0,40.0,0.0,VCV,15,500,1:2,20
+57.48321294784546,-0.03,0.0,37.5,6.9,VCV,15,500,1:2,20
+57.72369599342346,-0.02,42.9,22.8,17.9,VCV,15,500,1:2,20
+57.97456073760986,0.04,143.5,7.3,43.5,VCV,15,500,1:2,20
+58.22466325759888,5.24,306.5,8.7,45.0,VCV,15,500,1:2,20
+58.47363805770874,16.79,434.3,28.0,23.6,VCV,15,500,1:2,20
+58.723956823349,34.98,490.2,20.4,9.4,VCV,15,500,1:2,20
+58.97353267669678,36.23,479.1,-31.1,-9.1,VCV,15,500,1:2,20
+59.22684907913208,18.15,436.6,14.5,-13.5,VCV,15,500,1:2,20
+59.47675561904907,10.23,375.7,16.8,-19.9,VCV,15,500,1:2,20
+59.73075985908508,4.27,293.5,40.1,-22.5,VCV,15,500,1:2,20
+59.976621866226196,1.77,210.9,49.6,-22.5,VCV,15,500,1:2,20
+60.22662281990051,1.0,129.2,56.1,-20.4,VCV,15,500,1:2,20
+60.478193283081055,0.43,67.4,53.9,-13.9,VCV,15,500,1:2,20
+60.73062586784363,0.17,24.5,16.2,-9.5,VCV,15,500,1:2,20
+60.979689836502075,0.09,0.0,42.3,0.0,VCV,15,500,1:2,20
+61.2296347618103,0.05,0.0,36.8,0.0,VCV,15,500,1:2,20
+61.49674868583679,0.01,0.0,49.4,6.9,VCV,15,500,1:2,20
+61.73730826377869,-0.01,42.9,16.7,17.9,VCV,15,500,1:2,20
+61.98729920387268,0.16,143.1,18.3,43.4,VCV,15,500,1:2,20
+62.23721981048584,3.65,305.5,15.3,45.0,VCV,15,500,1:2,20
+62.48725175857544,21.13,433.8,46.1,23.7,VCV,15,500,1:2,20
+62.73743987083435,36.62,490.6,15.3,9.3,VCV,15,500,1:2,20
+62.99070978164673,38.55,479.5,-21.7,-9.0,VCV,15,500,1:2,20
+63.24069571495056,20.64,438.5,17.2,-13.3,VCV,15,500,1:2,20
+63.49124050140381,8.98,379.4,30.6,-19.5,VCV,15,500,1:2,20
+63.745298862457275,3.79,298.6,42.6,-22.5,VCV,15,500,1:2,20
+63.99053168296814,2.13,215.5,56.9,-22.5,VCV,15,500,1:2,20
+64.24047327041626,0.87,132.5,42.5,-20.7,VCV,15,500,1:2,20
+64.49046301841736,0.36,69.7,53.6,-14.2,VCV,15,500,1:2,20
+64.74581551551819,0.15,25.8,21.0,-9.6,VCV,15,500,1:2,20
+64.99351930618286,0.07,0.0,23.2,0.0,VCV,15,500,1:2,20
+65.24349069595337,0.06,0.0,25.0,0.0,VCV,15,500,1:2,20
+65.51571655273438,0.03,0.0,27.4,6.9,VCV,15,500,1:2,20
+65.75143074989319,-0.01,42.9,5.7,17.9,VCV,15,500,1:2,20
+66.00144267082214,0.09,143.1,18.5,43.4,VCV,15,500,1:2,20
+66.25136137008667,5.49,305.5,14.3,45.0,VCV,15,500,1:2,20
+66.50134658813477,16.53,433.8,17.5,23.7,VCV,15,500,1:2,20
+66.75165390968323,30.7,490.2,33.7,9.4,VCV,15,500,1:2,20
+67.00478839874268,31.82,479.5,1.0,-9.0,VCV,15,500,1:2,20
+67.25481986999512,17.08,438.5,30.4,-13.3,VCV,15,500,1:2,20
+67.50481247901917,11.85,379.4,46.9,-19.5,VCV,15,500,1:2,20
+67.7587559223175,7.8,298.6,58.3,-22.5,VCV,15,500,1:2,20
+68.00464749336243,4.68,215.1,59.4,-22.5,VCV,15,500,1:2,20
+68.25466632843018,2.72,132.0,53.4,-20.7,VCV,15,500,1:2,20
+68.50499963760376,1.08,69.2,57.5,-14.1,VCV,15,500,1:2,20
+68.76185154914856,0.41,24.9,18.4,-9.5,VCV,15,500,1:2,20
+69.00803017616272,0.12,0.0,38.8,0.0,VCV,15,500,1:2,20
+69.25814032554626,0.04,0.0,42.7,0.0,VCV,15,500,1:2,20
+69.52136278152466,-0.02,0.0,45.1,6.9,VCV,15,500,1:2,20
+69.76535177230835,-0.03,42.9,23.8,17.9,VCV,15,500,1:2,20
+70.01532125473022,0.13,143.5,25.6,43.5,VCV,15,500,1:2,20
+70.26523685455322,3.58,306.5,20.9,45.0,VCV,15,500,1:2,20
+70.51528239250183,19.91,434.3,-13.8,23.6,VCV,15,500,1:2,20
+70.76572155952454,34.71,490.2,19.0,9.4,VCV,15,500,1:2,20
+71.01869082450867,38.67,480.0,31.8,-9.0,VCV,15,500,1:2,20
+71.26871848106384,21.5,438.9,15.7,-13.3,VCV,15,500,1:2,20
+71.51871156692505,10.01,379.4,29.8,-19.5,VCV,15,500,1:2,20
+71.7685489654541,5.87,299.1,52.9,-22.5,VCV,15,500,1:2,20
+72.01852512359619,2.57,215.5,60.2,-22.5,VCV,15,500,1:2,20
+72.26852917671204,1.07,132.0,63.3,-20.7,VCV,15,500,1:2,20
+72.51881170272827,0.46,68.8,54.3,-14.1,VCV,15,500,1:2,20
+72.77167868614197,0.25,25.4,25.0,-9.6,VCV,15,500,1:2,20
+73.02153754234314,0.07,0.0,28.8,0.0,VCV,15,500,1:2,20
+73.27155041694641,-0.03,0.0,35.2,0.0,VCV,15,500,1:2,20
+73.54379296302795,-0.06,0.0,27.4,6.9,VCV,15,500,1:2,20
+73.77944707870483,-0.05,42.9,11.9,17.9,VCV,15,500,1:2,20
+74.02944135665894,0.01,143.5,13.0,43.5,VCV,15,500,1:2,20
+74.27933430671692,6.18,306.5,30.5,45.0,VCV,15,500,1:2,20
+74.53092527389526,19.28,434.8,61.8,23.5,VCV,15,500,1:2,20
+74.78385305404663,31.48,490.6,45.5,9.3,VCV,15,500,1:2,20
+75.03281998634338,30.34,480.0,2.0,-9.0,VCV,15,500,1:2,20
+75.28283977508545,16.03,438.9,18.0,-13.3,VCV,15,500,1:2,20
+75.53278017044067,9.65,380.3,37.3,-19.4,VCV,15,500,1:2,20
+75.7827000617981,4.87,300.0,42.7,-22.5,VCV,15,500,1:2,20
+76.03267002105713,2.13,216.5,47.8,-22.5,VCV,15,500,1:2,20
+76.28265309333801,1.18,133.4,52.7,-20.8,VCV,15,500,1:2,20
+76.53585934638977,0.45,70.2,54.7,-14.2,VCV,15,500,1:2,20
+76.78587865829468,0.16,25.4,23.7,-9.6,VCV,15,500,1:2,20
+77.03569388389587,0.03,0.0,22.2,0.0,VCV,15,500,1:2,20
+77.28572106361389,-0.03,0.0,42.4,0.0,VCV,15,500,1:2,20
+77.555903673172,-0.08,0.0,47.3,6.9,VCV,15,500,1:2,20
+77.7936041355133,-0.11,42.9,22.3,17.9,VCV,15,500,1:2,20
+78.04356718063354,0.09,142.6,22.5,43.3,VCV,15,500,1:2,20
+78.29349112510681,3.78,305.5,17.8,45.0,VCV,15,500,1:2,20
+78.5438187122345,20.59,433.8,38.8,23.7,VCV,15,500,1:2,20
+78.79703164100647,32.74,490.2,41.0,9.4,VCV,15,500,1:2,20
+79.04699635505676,35.18,480.0,62.3,-9.0,VCV,15,500,1:2,20
+79.29698443412781,19.67,438.9,47.1,-13.3,VCV,15,500,1:2,20
+79.54689574241638,9.88,380.3,46.8,-19.4,VCV,15,500,1:2,20
+79.79681897163391,6.14,300.0,48.6,-22.5,VCV,15,500,1:2,20
+80.04798364639282,3.02,216.5,57.8,-22.5,VCV,15,500,1:2,20
+80.30010509490967,1.38,132.9,59.1,-20.8,VCV,15,500,1:2,20
+80.550048828125,0.76,69.7,60.2,-14.2,VCV,15,500,1:2,20
+80.79997754096985,0.29,25.8,24.5,-9.6,VCV,15,500,1:2,20
+81.04980278015137,0.11,0.0,33.5,0.0,VCV,15,500,1:2,20
+81.299800157547,0.02,0.0,34.3,0.0,VCV,15,500,1:2,20
+81.5703694820404,-0.05,0.0,33.5,6.9,VCV,15,500,1:2,20
+81.808030128479,-0.06,42.9,17.4,17.9,VCV,15,500,1:2,20
+82.05802249908447,-0.0,143.1,13.7,43.4,VCV,15,500,1:2,20
+82.30833172798157,6.06,306.0,11.1,45.0,VCV,15,500,1:2,20
+82.5612428188324,18.18,434.3,12.1,23.6,VCV,15,500,1:2,20
+82.81117606163025,31.79,490.2,30.1,9.4,VCV,15,500,1:2,20
+83.0610601902008,32.41,480.0,1.2,-9.0,VCV,15,500,1:2,20
+83.31112742424011,21.63,438.5,22.6,-13.3,VCV,15,500,1:2,20
+83.56104874610901,10.7,378.9,24.0,-19.5,VCV,15,500,1:2,20
+83.81096577644348,4.76,298.2,48.2,-22.5,VCV,15,500,1:2,20
+84.06092929840088,2.0,214.6,52.9,-22.5,VCV,15,500,1:2,20
+84.31423950195312,1.09,131.5,59.9,-20.6,VCV,15,500,1:2,20
+84.56416273117065,0.46,68.3,57.4,-14.0,VCV,15,500,1:2,20
+84.81412863731384,0.19,24.9,29.8,-9.5,VCV,15,500,1:2,20
+85.0640001296997,0.06,0.0,30.4,0.0,VCV,15,500,1:2,20
+85.3147828578949,0.04,0.0,40.5,0.0,VCV,15,500,1:2,20
+85.58599138259888,0.03,0.0,38.5,6.9,VCV,15,500,1:2,20
+85.82220959663391,0.01,42.9,15.6,17.9,VCV,15,500,1:2,20
+86.0726089477539,-0.01,142.6,19.8,43.3,VCV,15,500,1:2,20
+86.32534050941467,1.92,306.5,10.6,45.0,VCV,15,500,1:2,20
+86.57533550262451,13.36,434.3,3.3,23.6,VCV,15,500,1:2,20
+86.82536482810974,21.25,490.2,-40.0,9.4,VCV,15,500,1:2,20
+87.07531499862671,23.66,479.5,-18.9,-9.0,VCV,15,500,1:2,20
+87.32523345947266,15.37,438.0,23.6,-13.4,VCV,15,500,1:2,20
+87.5751600265503,7.74,378.5,27.7,-19.6,VCV,15,500,1:2,20
+87.82517862319946,5.08,297.7,38.1,-22.5,VCV,15,500,1:2,20
+88.07836437225342,2.8,213.7,50.5,-22.5,VCV,15,500,1:2,20
+88.32834506034851,2.77,131.1,55.7,-20.6,VCV,15,500,1:2,20
+88.57829546928406,3.16,67.8,46.9,-14.0,VCV,15,500,1:2,20
+88.82827877998352,4.74,24.9,22.2,-9.5,VCV,15,500,1:2,20
+89.07809901237488,5.33,0.0,33.0,0.0,VCV,15,500,1:2,20
+89.3280701637268,3.38,0.0,42.4,0.0,VCV,15,500,1:2,20
+89.59857845306396,1.93,0.0,28.4,6.9,VCV,15,500,1:2,20
+89.83625364303589,0.97,42.9,12.8,17.9,VCV,15,500,1:2,20
+90.08926963806152,0.53,142.6,17.9,43.3,VCV,15,500,1:2,20
+90.3394546508789,5.98,306.5,4.6,45.0,VCV,15,500,1:2,20
+90.58948516845703,17.84,434.3,14.9,23.6,VCV,15,500,1:2,20
+90.84053826332092,32.75,490.2,11.6,9.4,VCV,15,500,1:2,20
+91.09048533439636,33.52,480.0,44.1,-9.0,VCV,15,500,1:2,20
+91.33937096595764,21.7,438.5,47.8,-13.3,VCV,15,500,1:2,20
+91.5897741317749,10.12,378.9,30.0,-19.5,VCV,15,500,1:2,20
+91.84057283401489,4.3,298.2,48.2,-22.5,VCV,15,500,1:2,20
+92.09250521659851,1.81,214.2,60.9,-22.5,VCV,15,500,1:2,20
+92.34247374534607,1.02,131.5,52.8,-20.6,VCV,15,500,1:2,20
+92.59244155883789,0.47,68.3,59.1,-14.0,VCV,15,500,1:2,20
+92.84239983558655,0.23,25.4,26.8,-9.6,VCV,15,500,1:2,20
+93.0922417640686,0.12,3.2,34.9,7.7,VCV,15,500,1:2,20
+93.34265851974487,0.1,51.2,19.9,20.0,VCV,15,500,1:2,20
+93.59302592277527,0.18,163.8,9.1,45.0,VCV,15,500,1:2,20
+93.84548711776733,3.58,328.2,5.0,45.0,VCV,15,500,1:2,20
+94.0955536365509,21.13,443.5,47.6,21.3,VCV,15,500,1:2,20
+94.34546685218811,32.28,494.8,48.5,8.2,VCV,15,500,1:2,20
+94.59537243843079,29.23,475.8,28.4,-9.4,VCV,15,500,1:2,20
+94.84540033340454,18.56,431.5,12.7,-14.0,VCV,15,500,1:2,20
+95.09536862373352,8.19,370.6,31.5,-20.4,VCV,15,500,1:2,20
+95.34620547294617,3.46,288.5,49.9,-22.5,VCV,15,500,1:2,20
+95.5985152721405,1.95,203.5,55.7,-22.5,VCV,15,500,1:2,20
+95.84852457046509,0.83,121.8,52.0,-19.6,VCV,15,500,1:2,20
+96.09848833084106,0.35,62.8,52.4,-13.5,VCV,15,500,1:2,20
+96.34937953948975,0.15,20.8,19.8,-9.1,VCV,15,500,1:2,20
+96.59921026229858,0.08,0.0,19.6,0.0,VCV,15,500,1:2,20
+96.84823656082153,0.04,0.0,39.6,0.0,VCV,15,500,1:2,20
+97.09818911552429,0.03,0.9,43.9,7.2,VCV,15,500,1:2,20
+97.35150790214539,0.03,46.6,25.9,18.8,VCV,15,500,1:2,20
+97.60146689414978,0.05,152.8,21.6,45.0,VCV,15,500,1:2,20
+97.85143065452576,4.97,317.1,12.4,45.0,VCV,15,500,1:2,20
+98.10146141052246,22.17,438.5,25.8,22.6,VCV,15,500,1:2,20
+98.35142755508423,30.39,492.5,37.5,8.8,VCV,15,500,1:2,20
+98.6013503074646,33.11,477.7,14.0,-9.2,VCV,15,500,1:2,20
+98.85137939453125,17.66,435.7,46.6,-13.6,VCV,15,500,1:2,20
+99.10458946228027,8.52,376.2,28.2,-19.8,VCV,15,500,1:2,20
+99.35449814796448,5.22,294.5,38.8,-22.5,VCV,15,500,1:2,20
+99.60446906089783,2.6,210.5,51.0,-22.5,VCV,15,500,1:2,20
+99.85445952415466,1.42,128.3,56.2,-20.3,VCV,15,500,1:2,20
+100.10442733764648,0.89,66.9,43.7,-13.9,VCV,15,500,1:2,20
+100.35438585281372,0.67,23.5,14.7,-9.4,VCV,15,500,1:2,20
+100.60419726371765,0.47,0.0,28.0,0.0,VCV,15,500,1:2,20
+100.8574640750885,0.38,0.0,42.3,0.0,VCV,15,500,1:2,20
+101.11213326454163,0.3,0.5,42.6,7.0,VCV,15,500,1:2,20
+101.357745885849,0.26,44.3,26.9,18.2,VCV,15,500,1:2,20
+101.60772347450256,0.54,147.7,5.6,44.6,VCV,15,500,1:2,20
+101.85887956619263,4.43,311.1,-6.7,45.0,VCV,15,500,1:2,20
+102.10922646522522,21.5,434.8,43.1,23.5,VCV,15,500,1:2,20
+102.35763335227966,33.18,491.1,50.4,9.2,VCV,15,500,1:2,20
+102.61055040359497,34.98,478.6,14.5,-9.1,VCV,15,500,1:2,20
+102.86085939407349,19.55,436.2,25.1,-13.6,VCV,15,500,1:2,20
+103.1108021736145,9.02,377.1,21.0,-19.7,VCV,15,500,1:2,20
+103.36072397232056,4.0,295.8,40.3,-22.5,VCV,15,500,1:2,20
+103.61067795753479,2.35,211.4,47.8,-22.5,VCV,15,500,1:2,20
+103.86106491088867,1.11,128.8,43.6,-20.3,VCV,15,500,1:2,20
+104.11146378517151,0.59,67.4,43.6,-13.9,VCV,15,500,1:2,20
+104.36359691619873,0.34,24.0,16.5,-9.4,VCV,15,500,1:2,20
+104.61371302604675,0.26,0.0,26.3,0.0,VCV,15,500,1:2,20
+104.86369466781616,0.2,0.0,31.9,0.0,VCV,15,500,1:2,20
+105.13113379478455,0.15,0.0,25.5,6.9,VCV,15,500,1:2,20
+105.36721658706665,0.13,41.1,20.2,17.4,VCV,15,500,1:2,20
+105.61720633506775,0.18,138.9,25.1,42.3,VCV,15,500,1:2,20
+105.86722898483276,5.98,301.4,12.6,45.0,VCV,15,500,1:2,20
+106.11717581748962,18.11,431.5,45.6,24.3,VCV,15,500,1:2,20
+106.36765050888062,31.58,488.8,51.9,9.7,VCV,15,500,1:2,20
+106.61734008789062,32.95,480.0,49.2,-8.9,VCV,15,500,1:2,20
+106.87035465240479,17.57,438.5,37.7,-13.3,VCV,15,500,1:2,20
+107.12031507492065,10.71,379.4,36.4,-19.4,VCV,15,500,1:2,20
+107.3706636428833,5.02,299.5,53.8,-22.5,VCV,15,500,1:2,20
+107.62082409858704,2.39,214.6,43.9,-22.5,VCV,15,500,1:2,20
+107.87020659446716,1.45,131.5,49.8,-20.6,VCV,15,500,1:2,20
+108.12041401863098,0.77,68.8,57.1,-14.1,VCV,15,500,1:2,20
+108.37364912033081,0.44,24.5,18.4,-9.5,VCV,15,500,1:2,20
+108.62348914146423,0.24,0.0,16.4,0.0,VCV,15,500,1:2,20
+108.87345242500305,0.16,0.0,41.8,0.0,VCV,15,500,1:2,20
+109.14586234092712,0.11,0.0,41.9,6.9,VCV,15,500,1:2,20
+109.38930869102478,0.06,41.1,26.8,17.4,VCV,15,500,1:2,20
+109.63926553726196,0.27,138.9,14.7,42.3,VCV,15,500,1:2,20
+109.88922762870789,3.63,301.8,20.8,45.0,VCV,15,500,1:2,20
+110.14329791069031,20.39,431.5,-6.9,24.3,VCV,15,500,1:2,20
+110.38918662071228,32.73,488.3,28.7,9.9,VCV,15,500,1:2,20
+110.63940358161926,34.25,479.5,44.7,-9.0,VCV,15,500,1:2,20
+110.89001750946045,18.47,438.0,14.5,-13.3,VCV,15,500,1:2,20
+111.14336657524109,7.93,378.0,14.4,-19.6,VCV,15,500,1:2,20
+111.39230942726135,3.38,298.2,35.0,-22.5,VCV,15,500,1:2,20
+111.64225196838379,1.98,214.2,47.6,-22.5,VCV,15,500,1:2,20
+111.89224982261658,1.29,131.1,47.7,-20.6,VCV,15,500,1:2,20
+112.14626741409302,0.87,68.3,54.5,-14.0,VCV,15,500,1:2,20
+112.39239692687988,0.41,24.5,17.3,-9.5,VCV,15,500,1:2,20
+112.64224624633789,0.27,0.0,36.0,0.0,VCV,15,500,1:2,20
+112.89363503456116,0.16,0.0,40.0,0.0,VCV,15,500,1:2,20
+113.14969635009766,0.12,0.0,48.6,0.0,VCV,15,500,1:2,20
+113.39523839950562,0.13,36.5,33.0,16.2,VCV,15,500,1:2,20
+113.6452624797821,0.18,129.2,28.6,39.9,VCV,15,500,1:2,20
+113.89516997337341,4.75,290.8,10.8,45.0,VCV,15,500,1:2,20
+114.14952230453491,16.95,426.0,12.9,25.8,VCV,15,500,1:2,20
+114.39545607566833,22.34,486.9,10.8,10.2,VCV,15,500,1:2,20
diff --git a/Code/ML/environment.yml b/Code/ML/environment.yml
new file mode 100644
index 0000000..294519f
--- /dev/null
+++ b/Code/ML/environment.yml
@@ -0,0 +1,26 @@
+name: bvm_vent
+
+channels:
+  - defaults
+
+dependencies:
+  # ظ¤ظ¤ Python ظ¤ظ¤ظ¤ظ¤ظ¤ظ¤ظ¤ظ¤ظ¤ظ¤ظ¤ظ¤ظ¤ظ¤ظ¤ظ¤ظ¤ظ¤ظ¤ظ¤ظ¤ظ¤ظ¤ظ¤ظ¤ظ¤ظ¤ظ¤ظ¤ظ¤ظ¤ظ¤ظ¤ظ¤ظ¤ظ¤ظ¤ظ¤ظ¤ظ¤ظ¤ظ¤ظ¤ظ¤ظ¤ظ¤ظ¤ظ¤ظ¤ظ¤ظ¤ظ¤ظ¤ظ¤ظ¤ظ¤ظ¤ظ¤ظ¤ظ¤ظ¤ظ¤ظ¤ظ¤
+  - python=3.11          # 3.11 is the safest target for PySide6 + sklearn 1.x
+
+  # ظ¤ظ¤ Core scientific stack ظ¤ظ¤ظ¤ظ¤ظ¤ظ¤ظ¤ظ¤ظ¤ظ¤ظ¤ظ¤ظ¤ظ¤ظ¤ظ¤ظ¤ظ¤ظ¤ظ¤ظ¤ظ¤ظ¤ظ¤ظ¤ظ¤ظ¤ظ¤ظ¤ظ¤ظ¤ظ¤ظ¤ظ¤ظ¤ظ¤ظ¤ظ¤ظ¤ظ¤ظ¤ظ¤ظ¤ظ¤ظ¤ظ¤ظ¤ظ¤ظ¤
+  - numpy>=2.0
+  - pandas>=2.0
+  - scipy>=1.11
+
+  # ظ¤ظ¤ ML ظ¤ظ¤ظ¤ظ¤ظ¤ظ¤ظ¤ظ¤ظ¤ظ¤ظ¤ظ¤ظ¤ظ¤ظ¤ظ¤ظ¤ظ¤ظ¤ظ¤ظ¤ظ¤ظ¤ظ¤ظ¤ظ¤ظ¤ظ¤ظ¤ظ¤ظ¤ظ¤ظ¤ظ¤ظ¤ظ¤ظ¤ظ¤ظ¤ظ¤ظ¤ظ¤ظ¤ظ¤ظ¤ظ¤ظ¤ظ¤ظ¤ظ¤ظ¤ظ¤ظ¤ظ¤ظ¤ظ¤ظ¤ظ¤ظ¤ظ¤ظ¤ظ¤ظ¤ظ¤ظ¤ظ¤ظ¤ظ¤
+  - scikit-learn>=1.4
+
+  # ظ¤ظ¤ Plotting ظ¤ظ¤ظ¤ظ¤ظ¤ظ¤ظ¤ظ¤ظ¤ظ¤ظ¤ظ¤ظ¤ظ¤ظ¤ظ¤ظ¤ظ¤ظ¤ظ¤ظ¤ظ¤ظ¤ظ¤ظ¤ظ¤ظ¤ظ¤ظ¤ظ¤ظ¤ظ¤ظ¤ظ¤ظ¤ظ¤ظ¤ظ¤ظ¤ظ¤ظ¤ظ¤ظ¤ظ¤ظ¤ظ¤ظ¤ظ¤ظ¤ظ¤ظ¤ظ¤ظ¤ظ¤ظ¤ظ¤ظ¤ظ¤ظ¤ظ¤ظ¤ظ¤
+  - matplotlib>=3.8
+
+
+
+  # ظ¤ظ¤ Pip-only extras (not on conda) ظ¤ظ¤ظ¤ظ¤ظ¤ظ¤ظ¤ظ¤ظ¤ظ¤ظ¤ظ¤ظ¤ظ¤ظ¤ظ¤ظ¤ظ¤ظ¤ظ¤ظ¤ظ¤ظ¤ظ¤ظ¤ظ¤ظ¤ظ¤ظ¤ظ¤ظ¤ظ¤ظ¤ظ¤ظ¤ظ¤ظ¤ظ¤ظ¤ظ¤
+  - pip
+  - pip:
+      - pyside6-addons    # QtCharts + QtVirtualKeyboard wheels (if conda build missing)
diff --git a/Code/ML/pressure_classifier.py b/Code/ML/pressure_classifier.py
new file mode 100644
index 0000000..e170253
--- /dev/null
+++ b/Code/ML/pressure_classifier.py
@@ -0,0 +1,520 @@
+"""
+Pressure-Based Respiratory Disease Classifier
+==============================================
+Uses the expiratory pressure waveform to classify:
+    Normal | Obstructive | Restrictive
+
+Physiological basis (confirmed on balloon experiment):
+  - Restrictive : highest peak pressure (stiff lung/balloon needs more P to inflate)
+  - Obstructive : slowest pressure decay (airway resistance prolongs expiratory P drop)
+  - Normal      : intermediate peak, moderate decay
+
+Pipeline:
+  1. Load real experimental CSVs from /experiment_data/
+  2. Segment individual breath cycles (Volume resets to ~0)
+  3. Reject sensor-spike breaths (|P| > SPIKE_THR)
+  4. Extract 20 pressure-domain features per breath
+  5. Train / test split (stratified, configurable ratio)
+  6. Train Random Forest + Gradient Boosting
+  7. Evaluate with classification report, confusion matrix, feature importance
+  8. Save trained models to ../weights/pressure_models.pkl
+"""
+
+import os, sys, pickle, warnings
+import numpy as np
+import pandas as pd
+import matplotlib.pyplot as plt
+import matplotlib.gridspec as gridspec
+warnings.filterwarnings("ignore")
+
+from scipy import signal as scipy_signal
+from scipy.stats import skew, kurtosis
+from sklearn.model_selection import train_test_split, StratifiedKFold, cross_val_score
+from sklearn.preprocessing import StandardScaler, LabelEncoder
+from sklearn.ensemble import RandomForestClassifier, GradientBoostingClassifier
+from sklearn.metrics import (classification_report, confusion_matrix,
+                             ConfusionMatrixDisplay, roc_auc_score)
+from sklearn.pipeline import Pipeline
+from sklearn.impute import SimpleImputer
+
+try:
+    from xgboost import XGBClassifier
+    HAS_XGB = True
+except ImportError:
+    HAS_XGB = False
+
+np.random.seed(42)
+
+# ظـظـظـظـظـظـظـظـظـظـظـظـظـظـظـظـظـظـظـظـظـظـظـظـظـظـظـظـظـظـظـظـظـظـظـظـظـظـظـظـظـظـظـظـظـظـظـظـظـظـظـظـظـظـظـظـظـظـظـظـظـظـظـظـظـظـظـظـظـظـظـظـظـظـظـظـظـظـظـ
+# CONFIGURATION
+# ظـظـظـظـظـظـظـظـظـظـظـظـظـظـظـظـظـظـظـظـظـظـظـظـظـظـظـظـظـظـظـظـظـظـظـظـظـظـظـظـظـظـظـظـظـظـظـظـظـظـظـظـظـظـظـظـظـظـظـظـظـظـظـظـظـظـظـظـظـظـظـظـظـظـظـظـظـظـظـ
+
+DATA_DIR    = "/data"
+WEIGHTS_DIR = "../weights"
+OUT_DIR     = os.getcwd()
+
+DATA_FILES = {
+    "Normal":      os.path.join(DATA_DIR, "normal.csv"),
+    "Obstructive": os.path.join(DATA_DIR, "obsruct.csv"),
+    "Restrictive": os.path.join(DATA_DIR, "resrictive.csv"),
+}
+
+SPIKE_THR      = 100.0   # cmH2O ظ¤ reject breaths with |P| above this
+VOL_RESET_THR  = 5.0     # mL    ظ¤ volume below this marks breath boundary
+MIN_SEG_LEN    = 6       # samples ظ¤ discard shorter segments
+TEST_SIZE      = 0.25    # 25 % held out for testing
+
+
+# ظـظـظـظـظـظـظـظـظـظـظـظـظـظـظـظـظـظـظـظـظـظـظـظـظـظـظـظـظـظـظـظـظـظـظـظـظـظـظـظـظـظـظـظـظـظـظـظـظـظـظـظـظـظـظـظـظـظـظـظـظـظـظـظـظـظـظـظـظـظـظـظـظـظـظـظـظـظـظـ
+# 1.  DATA LOADING & BREATH SEGMENTATION
+# ظـظـظـظـظـظـظـظـظـظـظـظـظـظـظـظـظـظـظـظـظـظـظـظـظـظـظـظـظـظـظـظـظـظـظـظـظـظـظـظـظـظـظـظـظـظـظـظـظـظـظـظـظـظـظـظـظـظـظـظـظـظـظـظـظـظـظـظـظـظـظـظـظـظـظـظـظـظـظـ
+
+def segment_breaths(df, label):
+    """
+    Split a recording into individual breath cycles.
+
+    A breath starts when Volume crosses above VOL_RESET_THR and ends
+    when it drops back below. Breaths with sensor spikes are rejected.
+
+    Returns
+    -------
+    list of dicts: {pressure: np.array, volume: np.array, label: str}
+    """
+    vol  = df["Volume"].values
+    pres = df["Pressure"].values
+
+    reset_mask = vol <= VOL_RESET_THR
+    starts = np.where(np.diff(reset_mask.astype(int)) == -1)[0]   # lowظْhigh
+    ends   = np.where(np.diff(reset_mask.astype(int)) ==  1)[0]   # highظْlow
+
+    breaths, n_spikes = [], 0
+    for s in starts:
+        next_ends = ends[ends > s]
+        if len(next_ends) == 0:
+            continue
+        e       = next_ends[0]
+        seg_p   = pres[s : e + 1]
+        seg_v   = vol [s : e + 1]
+
+        if len(seg_p) < MIN_SEG_LEN:
+            continue
+        if seg_p.max() > SPIKE_THR or seg_p.min() < -SPIKE_THR:
+            n_spikes += 1
+            continue
+
+        breaths.append({"pressure": seg_p, "volume": seg_v, "label": label})
+
+    return breaths, n_spikes
+
+
+def load_all_breaths():
+    all_breaths = []
+    print("ظû╢  Loading and segmenting breath cycles ظخ")
+    for label, path in DATA_FILES.items():
+        df = pd.read_csv(path)
+        breaths, n_spikes = segment_breaths(df, label)
+        print(f"   {label:12s}: {len(breaths):3d} clean breaths "
+              f"({n_spikes} spike(s) rejected)")
+        all_breaths.extend(breaths)
+    print(f"   Total: {len(all_breaths)} breaths\n")
+    return all_breaths
+
+
+# ظـظـظـظـظـظـظـظـظـظـظـظـظـظـظـظـظـظـظـظـظـظـظـظـظـظـظـظـظـظـظـظـظـظـظـظـظـظـظـظـظـظـظـظـظـظـظـظـظـظـظـظـظـظـظـظـظـظـظـظـظـظـظـظـظـظـظـظـظـظـظـظـظـظـظـظـظـظـظـ
+# 2.  FEATURE EXTRACTION
+# ظـظـظـظـظـظـظـظـظـظـظـظـظـظـظـظـظـظـظـظـظـظـظـظـظـظـظـظـظـظـظـظـظـظـظـظـظـظـظـظـظـظـظـظـظـظـظـظـظـظـظـظـظـظـظـظـظـظـظـظـظـظـظـظـظـظـظـظـظـظـظـظـظـظـظـظـظـظـظـ
+
+def extract_pressure_features(pres: np.ndarray) -> dict:
+    """
+    Extract 20 features from a single pressure breath segment.
+
+    Feature groups
+    ظ¤ظ¤ظ¤ظ¤ظ¤ظ¤ظ¤ظ¤ظ¤ظ¤ظ¤ظ¤ظ¤ظ¤
+    Peak / amplitude
+      pip          peak inspiratory pressure (max P)
+      peep         end-expiratory pressure   (first sample)
+      driving_p    driving pressure = pip - peep
+      p_auc        area under pressure curve (total work proxy)
+
+    Expiratory decay (key discriminator for Obstructive vs Normal)
+      decay_rate      linear slope of P after peak (cmH2O/sample)
+      decay_half_time samples for P to fall to 50% of pip
+      exp_concavity   2nd-order fit coefficient of expiratory tail
+                      (positive = concave/obstructive, negative = convex)
+      tau_exp         time constant of exponential fit to expiratory tail
+
+    Shape / timing
+      rise_time       samples from start to pip
+      rise_slope      pip / rise_time
+      insp_auc        area under inspiratory portion
+      exp_auc         area under expiratory portion
+      ie_auc_ratio    insp_auc / exp_auc
+      p_at_half_insp  pressure at 50% of inspiratory phase
+
+    Statistics
+      mean, std, skewness, kurtosis, rms
+      zero_cross_rate  (non-zero crosses through mean pressure)
+    """
+    n     = len(pres)
+    pk_i  = int(np.argmax(pres))
+    pip   = float(pres[pk_i])
+    peep  = float(pres[0])
+    dp    = pip - peep
+
+    # ظ¤ظ¤ inspiratory / expiratory split ظ¤ظ¤ظ¤ظ¤ظ¤ظ¤ظ¤ظ¤ظ¤ظ¤ظ¤ظ¤ظ¤ظ¤ظ¤ظ¤ظ¤ظ¤ظ¤ظ¤ظ¤ظ¤ظ¤ظ¤ظ¤ظ¤ظ¤ظ¤ظ¤ظ¤ظ¤ظ¤ظ¤ظ¤ظ¤ظ¤ظ¤ظ¤ظ¤
+    insp = pres[: pk_i + 1]
+    exp  = pres[pk_i :]        # includes peak sample
+
+    # ظ¤ظ¤ rise time & slope ظ¤ظ¤ظ¤ظ¤ظ¤ظ¤ظ¤ظ¤ظ¤ظ¤ظ¤ظ¤ظ¤ظ¤ظ¤ظ¤ظ¤ظ¤ظ¤ظ¤ظ¤ظ¤ظ¤ظ¤ظ¤ظ¤ظ¤ظ¤ظ¤ظ¤ظ¤ظ¤ظ¤ظ¤ظ¤ظ¤ظ¤ظ¤ظ¤ظ¤ظ¤ظ¤ظ¤ظ¤ظ¤ظ¤ظ¤ظ¤ظ¤ظ¤ظ¤ظ¤
+    rise_time  = float(pk_i) if pk_i > 0 else 1.0
+    rise_slope = dp / rise_time if rise_time > 0 else 0.0
+
+    # ظ¤ظ¤ AUC ظ¤ظ¤ظ¤ظ¤ظ¤ظ¤ظ¤ظ¤ظ¤ظ¤ظ¤ظ¤ظ¤ظ¤ظ¤ظ¤ظ¤ظ¤ظ¤ظ¤ظ¤ظ¤ظ¤ظ¤ظ¤ظ¤ظ¤ظ¤ظ¤ظ¤ظ¤ظ¤ظ¤ظ¤ظ¤ظ¤ظ¤ظ¤ظ¤ظ¤ظ¤ظ¤ظ¤ظ¤ظ¤ظ¤ظ¤ظ¤ظ¤ظ¤ظ¤ظ¤ظ¤ظ¤ظ¤ظ¤ظ¤ظ¤ظ¤ظ¤ظ¤ظ¤ظ¤ظ¤ظ¤ظ¤
+    trapz    = getattr(np, "trapezoid", None) or getattr(np, "trapz", None)
+    p_auc    = float(trapz(np.maximum(pres, 0)))
+    insp_auc = float(trapz(np.maximum(insp, 0)))
+    exp_auc  = float(trapz(np.maximum(exp,  0)))
+    ie_ratio = insp_auc / exp_auc if exp_auc > 1e-9 else 0.0
+
+    # ظ¤ظ¤ P at 50% of inspiratory phase ظ¤ظ¤ظ¤ظ¤ظ¤ظ¤ظ¤ظ¤ظ¤ظ¤ظ¤ظ¤ظ¤ظ¤ظ¤ظ¤ظ¤ظ¤ظ¤ظ¤ظ¤ظ¤ظ¤ظ¤ظ¤ظ¤ظ¤ظ¤ظ¤ظ¤ظ¤ظ¤ظ¤ظ¤ظ¤ظ¤ظ¤ظ¤ظ¤ظ¤
+    p_half_insp = float(insp[len(insp) // 2]) if len(insp) > 1 else 0.0
+
+    # ظ¤ظ¤ decay features ظ¤ظ¤ظ¤ظ¤ظ¤ظ¤ظ¤ظ¤ظ¤ظ¤ظ¤ظ¤ظ¤ظ¤ظ¤ظ¤ظ¤ظ¤ظ¤ظ¤ظ¤ظ¤ظ¤ظ¤ظ¤ظ¤ظ¤ظ¤ظ¤ظ¤ظ¤ظ¤ظ¤ظ¤ظ¤ظ¤ظ¤ظ¤ظ¤ظ¤ظ¤ظ¤ظ¤ظ¤ظ¤ظ¤ظ¤ظ¤ظ¤ظ¤ظ¤ظ¤ظ¤ظ¤ظ¤
+    if len(exp) >= 3:
+        x = np.arange(len(exp), dtype=float)
+
+        # Linear decay rate (cmH2O / sample)
+        decay_rate = float(np.polyfit(x, exp, 1)[0])
+
+        # Half-time: first index where P ظëج pip/2
+        half_mask = exp <= (pip / 2.0)
+        decay_half = float(np.argmax(half_mask)) if half_mask.any() else float(len(exp))
+
+        # 2nd-order concavity coefficient
+        if len(exp) >= 4:
+            exp_concavity = float(np.polyfit(x, exp, 2)[0])
+        else:
+            exp_concavity = 0.0
+
+        # Exponential time constant ╧ via log-linear fit (P = pip┬╖e^{-t/╧})
+        exp_safe = np.maximum(exp, 1e-6)
+        try:
+            log_fit  = np.polyfit(x, np.log(exp_safe), 1)
+            tau_exp  = float(-1.0 / log_fit[0]) if log_fit[0] < 0 else float(len(exp))
+        except Exception:
+            tau_exp = float(len(exp))
+    else:
+        decay_rate = decay_half = exp_concavity = tau_exp = 0.0
+
+    # ظ¤ظ¤ statistics ظ¤ظ¤ظ¤ظ¤ظ¤ظ¤ظ¤ظ¤ظ¤ظ¤ظ¤ظ¤ظ¤ظ¤ظ¤ظ¤ظ¤ظ¤ظ¤ظ¤ظ¤ظ¤ظ¤ظ¤ظ¤ظ¤ظ¤ظ¤ظ¤ظ¤ظ¤ظ¤ظ¤ظ¤ظ¤ظ¤ظ¤ظ¤ظ¤ظ¤ظ¤ظ¤ظ¤ظ¤ظ¤ظ¤ظ¤ظ¤ظ¤ظ¤ظ¤ظ¤ظ¤ظ¤ظ¤ظ¤ظ¤ظ¤ظ¤
+    mean_p = float(pres.mean())
+    std_p  = float(pres.std())
+    rms_p  = float(np.sqrt(np.mean(pres ** 2)))
+    skew_p = float(skew(pres))
+    kurt_p = float(kurtosis(pres))
+
+    # Zero crossings through mean
+    centred   = pres - mean_p
+    zero_cross = float(np.sum(np.diff(np.sign(centred)) != 0) / n)
+
+    return {
+        # Peak / amplitude
+        "pip":              pip,
+        "peep":             peep,
+        "driving_pressure": dp,
+        "p_auc":            p_auc,
+        # Expiratory decay
+        "decay_rate":       decay_rate,
+        "decay_half_time":  decay_half,
+        "exp_concavity":    exp_concavity,
+        "tau_exp":          tau_exp,
+        # Shape / timing
+        "rise_time":        rise_time,
+        "rise_slope":       rise_slope,
+        "insp_auc":         insp_auc,
+        "exp_auc":          exp_auc,
+        "ie_auc_ratio":     ie_ratio,
+        "p_at_half_insp":   p_half_insp,
+        # Statistics
+        "p_mean":           mean_p,
+        "p_std":            std_p,
+        "p_skewness":       skew_p,
+        "p_kurtosis":       kurt_p,
+        "p_rms":            rms_p,
+        "zero_cross_rate":  zero_cross,
+    }
+
+
+def build_feature_df(all_breaths):
+    rows, labels = [], []
+    for b in all_breaths:
+        rows.append(extract_pressure_features(b["pressure"]))
+        labels.append(b["label"])
+    df = pd.DataFrame(rows)
+    df["label"] = labels
+    return df
+
+
+# ظـظـظـظـظـظـظـظـظـظـظـظـظـظـظـظـظـظـظـظـظـظـظـظـظـظـظـظـظـظـظـظـظـظـظـظـظـظـظـظـظـظـظـظـظـظـظـظـظـظـظـظـظـظـظـظـظـظـظـظـظـظـظـظـظـظـظـظـظـظـظـظـظـظـظـظـظـظـظـ
+# 3.  MODEL BUILDING & EVALUATION
+# ظـظـظـظـظـظـظـظـظـظـظـظـظـظـظـظـظـظـظـظـظـظـظـظـظـظـظـظـظـظـظـظـظـظـظـظـظـظـظـظـظـظـظـظـظـظـظـظـظـظـظـظـظـظـظـظـظـظـظـظـظـظـظـظـظـظـظـظـظـظـظـظـظـظـظـظـظـظـظـ
+
+def build_models():
+    models = {
+        "Random Forest": Pipeline([
+            ("imputer", SimpleImputer(strategy="median")),
+            ("scaler",  StandardScaler()),
+            ("clf",     RandomForestClassifier(
+                n_estimators=300, max_depth=None,
+                min_samples_split=2, random_state=42, n_jobs=-1)),
+        ]),
+        "Gradient Boosting": Pipeline([
+            ("imputer", SimpleImputer(strategy="median")),
+            ("scaler",  StandardScaler()),
+            ("clf",     GradientBoostingClassifier(
+                n_estimators=300, learning_rate=0.05,
+                max_depth=4, random_state=42)),
+        ]),
+    }
+    if HAS_XGB:
+        models["XGBoost"] = Pipeline([
+            ("imputer", SimpleImputer(strategy="median")),
+            ("scaler",  StandardScaler()),
+            ("clf",     XGBClassifier(
+                n_estimators=300, learning_rate=0.05, max_depth=4,
+                use_label_encoder=False, eval_metric="mlogloss", random_state=42)),
+        ])
+    return models
+
+
+def train_and_evaluate(models, X_tr, X_te, y_tr, y_te, class_names):
+    results = {}
+    for name, model in models.items():
+        print(f"\n{'='*55}\n  {name}\n{'='*55}")
+        cv = cross_val_score(
+            model, X_tr, y_tr,
+            cv=StratifiedKFold(n_splits=min(5, min(np.bincount(y_tr))),
+                               shuffle=True, random_state=42),
+            scoring="f1_macro", n_jobs=-1)
+        print(f"  CV F1-macro : {cv.mean():.3f} ┬▒ {cv.std():.3f}")
+
+        model.fit(X_tr, y_tr)
+        y_pred = model.predict(X_te)
+        y_prob = model.predict_proba(X_te)
+
+        print("\n  Classification Report:")
+        print(classification_report(y_te, y_pred, target_names=class_names))
+
+        auc = roc_auc_score(y_te, y_prob, multi_class="ovr", average="macro")
+        print(f"  ROC-AUC (macro OvR) : {auc:.3f}")
+
+        results[name] = {"model": model, "y_pred": y_pred,
+                         "y_prob": y_prob, "auc": auc}
+    return results
+
+
+# ظـظـظـظـظـظـظـظـظـظـظـظـظـظـظـظـظـظـظـظـظـظـظـظـظـظـظـظـظـظـظـظـظـظـظـظـظـظـظـظـظـظـظـظـظـظـظـظـظـظـظـظـظـظـظـظـظـظـظـظـظـظـظـظـظـظـظـظـظـظـظـظـظـظـظـظـظـظـظـ
+# 4.  PLOTS
+# ظـظـظـظـظـظـظـظـظـظـظـظـظـظـظـظـظـظـظـظـظـظـظـظـظـظـظـظـظـظـظـظـظـظـظـظـظـظـظـظـظـظـظـظـظـظـظـظـظـظـظـظـظـظـظـظـظـظـظـظـظـظـظـظـظـظـظـظـظـظـظـظـظـظـظـظـظـظـظـ
+
+CLASS_COLORS = {
+    "Normal":      "#2ecc71",
+    "Obstructive": "#e74c3c",
+    "Restrictive": "#3498db",
+}
+
+
+def plot_pressure_waveforms(all_breaths, out_path):
+    """Overlay all breath pressure waveforms per class."""
+    fig, axes = plt.subplots(1, 3, figsize=(15, 5), sharey=False)
+    fig.suptitle("Pressure Waveforms per Class (all breaths)",
+                 fontsize=13, fontweight="bold")
+
+    for ax, cls in zip(axes, ["Normal", "Obstructive", "Restrictive"]):
+        segs = [b["pressure"] for b in all_breaths if b["label"] == cls]
+        c    = CLASS_COLORS[cls]
+        for i, seg in enumerate(segs):
+            ax.plot(seg, color=c, alpha=0.35, linewidth=1.0,
+                    label=cls if i == 0 else "")
+        # Mean waveform (pad/trim to modal length)
+        modal_len = max(set(len(s) for s in segs), key=[len(s) for s in segs].count)
+        trimmed   = [s[:modal_len] for s in segs if len(s) >= modal_len]
+        if trimmed:
+            mean_p = np.mean(trimmed, axis=0)
+            ax.plot(mean_p, color=c, linewidth=2.5, label="Mean")
+        ax.set_title(f"{cls}  (n={len(segs)})", fontsize=12)
+        ax.set_xlabel("Sample index")
+        ax.set_ylabel("Pressure (cmHظééO)")
+        ax.legend(fontsize=9)
+        ax.grid(True, alpha=0.2)
+
+    plt.tight_layout()
+    plt.savefig(out_path, dpi=150, bbox_inches="tight")
+    plt.close()
+    print(f"  Saved ظْ {os.path.basename(out_path)}")
+
+
+def plot_feature_distributions(df_feats, out_path):
+    """Box-plots of the most discriminative features across classes."""
+    key_feats = ["pip", "decay_rate", "tau_exp", "decay_half_time",
+                 "exp_concavity", "driving_pressure", "p_auc", "ie_auc_ratio"]
+    classes = ["Normal", "Obstructive", "Restrictive"]
+    colors  = [CLASS_COLORS[c] for c in classes]
+
+    fig, axes = plt.subplots(2, 4, figsize=(18, 8))
+    fig.suptitle("Key Feature Distributions by Class",
+                 fontsize=13, fontweight="bold")
+
+    for ax, feat in zip(axes.flat, key_feats):
+        data = [df_feats.loc[df_feats["label"] == c, feat].values
+                for c in classes]
+        bp   = ax.boxplot(data, patch_artist=True, notch=False,
+                          medianprops=dict(color="white", linewidth=2))
+        for patch, col in zip(bp["boxes"], colors):
+            patch.set_facecolor(col)
+            patch.set_alpha(0.75)
+        ax.set_xticks([1, 2, 3])
+        ax.set_xticklabels(classes, fontsize=9)
+        ax.set_title(feat, fontsize=10)
+        ax.grid(True, axis="y", alpha=0.25)
+
+    plt.tight_layout()
+    plt.savefig(out_path, dpi=150, bbox_inches="tight")
+    plt.close()
+    print(f"  Saved ظْ {os.path.basename(out_path)}")
+
+
+def plot_results(results, y_te, class_names, feat_cols, out_path):
+    n = len(results)
+    fig, axes = plt.subplots(2, n, figsize=(6 * n, 11))
+    if n == 1:
+        axes = axes.reshape(2, 1)
+    fig.suptitle("Pressure Classifier ظ¤ Evaluation", fontsize=14, fontweight="bold")
+
+    for col, (name, res) in enumerate(results.items()):
+        # Confusion matrix
+        cm  = confusion_matrix(y_te, res["y_pred"])
+        cmd = ConfusionMatrixDisplay(cm, display_labels=class_names)
+        cmd.plot(ax=axes[0, col], colorbar=False, cmap="Blues")
+        axes[0, col].set_title(f"{name}\nAUC = {res['auc']:.3f}", fontsize=11)
+
+        # Feature importance
+        clf = res["model"].named_steps["clf"]
+        if hasattr(clf, "feature_importances_"):
+            imp = clf.feature_importances_
+            idx = np.argsort(imp)[-15:]
+            axes[1, col].barh([feat_cols[i] for i in idx], imp[idx],
+                              color="#4c9be8")
+            axes[1, col].set_title("Top Feature Importances", fontsize=10)
+            axes[1, col].tick_params(axis="y", labelsize=8)
+        else:
+            axes[1, col].axis("off")
+
+    plt.tight_layout()
+    plt.savefig(out_path, dpi=150, bbox_inches="tight")
+    plt.close()
+    print(f"  Saved ظْ {os.path.basename(out_path)}")
+
+
+def plot_train_test_split(y_tr, y_te, class_names, out_path):
+    """Bar chart showing sample counts in train vs test per class."""
+    fig, axes = plt.subplots(1, 2, figsize=(9, 4))
+    fig.suptitle(f"Train / Test Split  ({int((1-TEST_SIZE)*100)}% / "
+                 f"{int(TEST_SIZE*100)}%)", fontsize=12, fontweight="bold")
+
+    for ax, y, title in [(axes[0], y_tr, "Train"), (axes[1], y_te, "Test")]:
+        counts = [np.sum(y == i) for i in range(len(class_names))]
+        bars   = ax.bar(class_names, counts,
+                        color=[CLASS_COLORS[c] for c in class_names],
+                        edgecolor="white", linewidth=0.8)
+        for bar, cnt in zip(bars, counts):
+            ax.text(bar.get_x() + bar.get_width() / 2, bar.get_height() + 0.3,
+                    str(cnt), ha="center", va="bottom",
+                    color="white", fontsize=12, fontweight="bold")
+        ax.set_title(f"{title}  (n={len(y)})", fontsize=11)
+        ax.set_ylabel("# Breaths")
+        ax.set_facecolor("#1e1e1e")
+        ax.tick_params(colors="white")
+        ax.spines[:].set_color("#444")
+        ax.yaxis.label.set_color("white")
+        ax.title.set_color("white")
+
+    fig.patch.set_facecolor("#121212")
+    plt.tight_layout()
+    plt.savefig(out_path, dpi=150, bbox_inches="tight")
+    plt.close()
+    print(f"  Saved ظْ {os.path.basename(out_path)}")
+
+
+# ظـظـظـظـظـظـظـظـظـظـظـظـظـظـظـظـظـظـظـظـظـظـظـظـظـظـظـظـظـظـظـظـظـظـظـظـظـظـظـظـظـظـظـظـظـظـظـظـظـظـظـظـظـظـظـظـظـظـظـظـظـظـظـظـظـظـظـظـظـظـظـظـظـظـظـظـظـظـظـ
+# MAIN
+# ظـظـظـظـظـظـظـظـظـظـظـظـظـظـظـظـظـظـظـظـظـظـظـظـظـظـظـظـظـظـظـظـظـظـظـظـظـظـظـظـظـظـظـظـظـظـظـظـظـظـظـظـظـظـظـظـظـظـظـظـظـظـظـظـظـظـظـظـظـظـظـظـظـظـظـظـظـظـظـ
+
+if __name__ == "__main__":
+    os.makedirs(OUT_DIR,     exist_ok=True)
+    os.makedirs(WEIGHTS_DIR, exist_ok=True)
+
+    # ظ¤ظ¤ 1. Load data ظ¤ظ¤ظ¤ظ¤ظ¤ظ¤ظ¤ظ¤ظ¤ظ¤ظ¤ظ¤ظ¤ظ¤ظ¤ظ¤ظ¤ظ¤ظ¤ظ¤ظ¤ظ¤ظ¤ظ¤ظ¤ظ¤ظ¤ظ¤ظ¤ظ¤ظ¤ظ¤ظ¤ظ¤ظ¤ظ¤ظ¤ظ¤ظ¤ظ¤ظ¤ظ¤ظ¤ظ¤ظ¤ظ¤ظ¤ظ¤ظ¤ظ¤ظ¤ظ¤ظ¤ظ¤ظ¤ظ¤ظ¤ظ¤
+    all_breaths = load_all_breaths()
+
+    plot_pressure_waveforms(all_breaths,
+                            os.path.join(OUT_DIR, "pressure_waveforms.png"))
+
+    # ظ¤ظ¤ 2. Feature extraction ظ¤ظ¤ظ¤ظ¤ظ¤ظ¤ظ¤ظ¤ظ¤ظ¤ظ¤ظ¤ظ¤ظ¤ظ¤ظ¤ظ¤ظ¤ظ¤ظ¤ظ¤ظ¤ظ¤ظ¤ظ¤ظ¤ظ¤ظ¤ظ¤ظ¤ظ¤ظ¤ظ¤ظ¤ظ¤ظ¤ظ¤ظ¤ظ¤ظ¤ظ¤ظ¤ظ¤ظ¤ظ¤ظ¤ظ¤ظ¤ظ¤
+    print("ظû╢  Extracting pressure features ظخ")
+    df_feats   = build_feature_df(all_breaths)
+    feat_cols  = [c for c in df_feats.columns if c != "label"]
+    print(f"   {len(df_feats)} samples ├ù {len(feat_cols)} features")
+    df_feats.to_csv(os.path.join(OUT_DIR, "pressure_features.csv"), index=False)
+    print("   Saved ظْ pressure_features.csv")
+
+    plot_feature_distributions(df_feats,
+                               os.path.join(OUT_DIR, "feature_distributions.png"))
+
+    # ظ¤ظ¤ 3. Train / test split ظ¤ظ¤ظ¤ظ¤ظ¤ظ¤ظ¤ظ¤ظ¤ظ¤ظ¤ظ¤ظ¤ظ¤ظ¤ظ¤ظ¤ظ¤ظ¤ظ¤ظ¤ظ¤ظ¤ظ¤ظ¤ظ¤ظ¤ظ¤ظ¤ظ¤ظ¤ظ¤ظ¤ظ¤ظ¤ظ¤ظ¤ظ¤ظ¤ظ¤ظ¤ظ¤ظ¤ظ¤ظ¤ظ¤ظ¤ظ¤ظ¤
+    X = df_feats[feat_cols].values
+    le = LabelEncoder()
+    y  = le.fit_transform(df_feats["label"].values)
+
+    X_tr, X_te, y_tr, y_te = train_test_split(
+        X, y, test_size=TEST_SIZE, stratify=y, random_state=42)
+
+    print(f"\nظû╢  Split: {len(X_tr)} train / {len(X_te)} test "
+          f"(stratified {int((1-TEST_SIZE)*100)}/{int(TEST_SIZE*100)})")
+    for i, cls in enumerate(le.classes_):
+        print(f"   {cls:12s}: {np.sum(y_tr==i)} train / {np.sum(y_te==i)} test")
+
+    plot_train_test_split(y_tr, y_te, le.classes_,
+                          os.path.join(OUT_DIR, "train_test_split.png"))
+
+    # ظ¤ظ¤ 4. Train & evaluate ظ¤ظ¤ظ¤ظ¤ظ¤ظ¤ظ¤ظ¤ظ¤ظ¤ظ¤ظ¤ظ¤ظ¤ظ¤ظ¤ظ¤ظ¤ظ¤ظ¤ظ¤ظ¤ظ¤ظ¤ظ¤ظ¤ظ¤ظ¤ظ¤ظ¤ظ¤ظ¤ظ¤ظ¤ظ¤ظ¤ظ¤ظ¤ظ¤ظ¤ظ¤ظ¤ظ¤ظ¤ظ¤ظ¤ظ¤ظ¤ظ¤ظ¤ظ¤
+    print("\nظû╢  Training models ظخ")
+    models  = build_models()
+    results = train_and_evaluate(models, X_tr, X_te, y_tr, y_te, le.classes_)
+
+    # ظ¤ظ¤ 5. Result plots ظ¤ظ¤ظ¤ظ¤ظ¤ظ¤ظ¤ظ¤ظ¤ظ¤ظ¤ظ¤ظ¤ظ¤ظ¤ظ¤ظ¤ظ¤ظ¤ظ¤ظ¤ظ¤ظ¤ظ¤ظ¤ظ¤ظ¤ظ¤ظ¤ظ¤ظ¤ظ¤ظ¤ظ¤ظ¤ظ¤ظ¤ظ¤ظ¤ظ¤ظ¤ظ¤ظ¤ظ¤ظ¤ظ¤ظ¤ظ¤ظ¤ظ¤ظ¤ظ¤ظ¤ظ¤ظ¤
+    print("\nظû╢  Plotting results ظخ")
+    plot_results(results, y_te, le.classes_, feat_cols,
+                 os.path.join(OUT_DIR, "pressure_model_results.png"))
+
+    # ظ¤ظ¤ 6. Save weights ظ¤ظ¤ظ¤ظ¤ظ¤ظ¤ظ¤ظ¤ظ¤ظ¤ظ¤ظ¤ظ¤ظ¤ظ¤ظ¤ظ¤ظ¤ظ¤ظ¤ظ¤ظ¤ظ¤ظ¤ظ¤ظ¤ظ¤ظ¤ظ¤ظ¤ظ¤ظ¤ظ¤ظ¤ظ¤ظ¤ظ¤ظ¤ظ¤ظ¤ظ¤ظ¤ظ¤ظ¤ظ¤ظ¤ظ¤ظ¤ظ¤ظ¤ظ¤ظ¤ظ¤ظ¤ظ¤
+    # Pick the model with best test AUC
+    best_name = max(results, key=lambda n: results[n]["auc"])
+    weights = {
+        "models":        {n: r["model"] for n, r in results.items()},
+        "label_encoder": le,
+        "feature_cols":  feat_cols,
+        "best_model":    best_name,
+    }
+    weights_path = os.path.join(WEIGHTS_DIR, "pressure_models.pkl")
+    with open(weights_path, "wb") as f:
+        pickle.dump(weights, f)
+
+    print(f"\nظ£à  Done.")
+    print(f"    Best model  : {best_name}  (AUC = {results[best_name]['auc']:.3f})")
+    print(f"    Weights     : {weights_path}")
+    print(f"    Output files:")
+    for fname in ["pressure_waveforms.png", "feature_distributions.png",
+                  "train_test_split.png", "pressure_model_results.png",
+                  "pressure_features.csv"]:
+        print(f"      ظت {fname}")
\ No newline at end of file
diff --git a/Code/ML/results/feature_distributions.png b/Code/ML/results/feature_distributions.png
new file mode 100644
index 0000000..2375969
Binary files /dev/null and b/Code/ML/results/feature_distributions.png differ
diff --git a/Code/ML/results/pressure_features.csv b/Code/ML/results/pressure_features.csv
new file mode 100644
index 0000000..fc004ff
--- /dev/null
+++ b/Code/ML/results/pressure_features.csv
@@ -0,0 +1,99 @@
+pip,peep,driving_pressure,p_auc,decay_rate,decay_half_time,exp_concavity,tau_exp,rise_time,rise_slope,insp_auc,exp_auc,ie_auc_ratio,p_at_half_insp,p_mean,p_std,p_skewness,p_kurtosis,p_rms,zero_cross_rate,label
+22.81,-0.03,22.84,99.92,-2.9605952380952356,2.0,0.676964285714286,1.8622745682644175,6.0,3.8066666666666666,55.115,44.80499999999999,1.2301082468474502,4.3,7.157142857142859,8.139046476769893,0.9181811258127991,-0.7146514417904433,10.838301132030399,0.14285714285714285,Normal
+24.7,0.37,24.33,106.465,-3.2898809523809502,2.0,0.7377976190476193,1.812514030918976,6.0,4.055,56.655,49.809999999999995,1.1374222043766313,6.06,7.63857142857143,8.428881350234237,0.9300297725964191,-0.6157942455695391,11.375140187519198,0.14285714285714285,Normal
+24.33,0.16,24.169999999999998,106.83,-3.395833333333332,2.0,0.7093452380952374,1.8199688931540232,6.0,4.028333333333333,54.025,52.80500000000001,1.0231038727393238,5.82,7.659285714285715,8.399697668271598,0.8430350153415637,-0.8220881841747554,11.367478989267081,0.14285714285714285,Normal
+24.1,0.33,23.770000000000003,103.74999999999999,-3.251309523809521,2.0,0.7181547619047619,1.754594601996137,6.0,3.9616666666666673,54.825,48.925000000000004,1.120592743995912,4.15,7.442142857142858,8.389482513047792,0.8910118091979568,-0.7891181887534575,11.214673742149486,0.14285714285714285,Normal
+24.33,0.22,24.11,100.61500000000001,-3.237261904761902,2.0,0.7000595238095235,1.6528496132998831,6.0,4.0183333333333335,52.565,48.05,1.093964620187305,5.32,7.20857142857143,8.071098223328239,0.9226025075269129,-0.5546605448086113,10.821558509356615,0.14285714285714285,Normal
+24.23,0.16,24.07,109.45,-3.5353571428571398,2.0,0.6910119047619043,1.6169484381097272,6.0,4.011666666666667,55.315000000000005,54.135,1.0217973584557127,5.12,7.8378571428571435,8.687293823717019,0.7571086265083701,-1.0683166869599332,11.700473433644836,0.14285714285714285,Normal
+23.96,0.13,23.830000000000002,106.79000000000002,-3.3697619047619014,3.0,0.6484523809523816,1.7554190886289593,6.0,3.971666666666667,53.675,53.115,1.0105431610656121,3.9,7.651428571428573,8.477309931426912,0.7863545637556149,-0.9796215882298074,11.419682257275937,0.14285714285714285,Normal
+24.19,0.14,24.05,102.455,-3.4666666666666655,2.0,0.7022619047619045,1.6224294288346257,6.0,4.008333333333334,49.94500000000001,52.51,0.9511521614930492,2.61,7.337142857142858,8.50632825654896,0.8757625330415684,-0.8343278907555525,11.233489471855382,0.14285714285714285,Normal
+23.91,0.09,23.82,100.46000000000001,-3.3397619047619025,2.0,0.6373809523809524,1.7512221567987376,6.0,3.97,47.76,52.699999999999996,0.9062618595825427,3.82,7.197857142857143,8.017002627070106,0.8826823127289866,-0.6841767441372708,10.774111498004306,0.14285714285714285,Normal
+23.64,0.18,23.46,104.11000000000001,-3.382261904761902,2.0,0.6439880952380943,1.7839987148915126,6.0,3.91,49.879999999999995,54.22999999999999,0.9197860962566846,2.58,7.462857142857141,8.375873880694845,0.8471487912323588,-0.8854901491931146,11.218266354477414,0.14285714285714285,Normal
+23.68,0.23,23.45,105.05000000000003,-3.3448809523809504,2.0,0.6163690476190474,1.8935378431372616,6.0,3.908333333333333,49.705,55.345,0.8980937754087993,3.15,7.536428571428571,8.144052700452956,0.7998813509269923,-0.9187826714234348,11.096096160361988,0.14285714285714285,Normal
+23.35,0.23,23.12,104.335,-3.440119047619044,2.0,0.6094642857142852,1.847786076657745,6.0,3.8533333333333335,47.25,57.085,0.8277130594727161,1.94,7.484285714285716,8.360337240537023,0.8485879236393199,-0.8812144630249366,11.220952340535604,0.14285714285714285,Normal
+23.7,0.26,23.439999999999998,104.53,-3.380238095238093,2.0,0.6140476190476193,1.7760575133666379,6.0,3.9066666666666663,49.480000000000004,55.05,0.8988192552225251,3.16,7.494285714285715,8.142387956407694,0.8055839041947866,-0.9067418244368977,11.066291158287857,0.14285714285714285,Normal
+23.35,0.15,23.200000000000003,103.23,-3.4407142857142836,2.0,0.634761904761905,1.7859520976636316,6.0,3.866666666666667,47.56,55.67,0.8543201005927789,2.15,7.398571428571429,8.382822450994531,0.8596703477850937,-0.8743912669486544,11.180812646161792,0.14285714285714285,Normal
+24.7,0.45,24.25,107.355,-3.582619047619045,2.0,0.744523809523809,1.5078067542745914,6.0,4.041666666666667,54.794999999999995,52.559999999999995,1.0425228310502284,5.57,7.695,8.672564911423674,0.8550354730045623,-0.8483362579636227,11.594240257250888,0.14285714285714285,Normal
+24.26,0.19,24.07,108.96,-3.5551190476190455,3.0,0.6395833333333332,1.5654308744497523,6.0,4.011666666666667,53.905,55.055,0.9791117972936155,3.75,7.802857142857143,8.730421711767773,0.7538779202771959,-1.0538644906010957,11.70917771908612,0.14285714285714285,Normal
+24.45,0.25,24.2,102.45,-3.511547619047617,2.0,0.7312500000000004,1.588625119242247,6.0,4.033333333333333,50.23,52.220000000000006,0.9618919954040596,2.51,7.339999999999998,8.594494084670055,0.896378167021013,-0.8075938954499384,11.302253251959474,0.14285714285714285,Normal
+24.04,0.25,23.79,98.54000000000002,-3.367976190476188,2.0,0.6810119047619049,1.571825505111764,6.0,3.965,48.285,50.254999999999995,0.9607999204059298,3.74,7.06,8.074352694090804,0.9245967763878663,-0.6224525182971274,10.72561286960197,0.14285714285714285,Normal
+24.24,0.09,24.15,104.935,-3.483333333333331,2.0,0.6496428571428567,1.6911252078998438,6.0,4.0249999999999995,49.955,54.980000000000004,0.908603128410331,2.5,7.517142857142858,8.524114892109184,0.8375165513945,-0.8739058192428364,11.365208815880658,0.14285714285714285,Normal
+23.79,-0.03,23.82,93.11999999999999,-3.1624999999999988,2.0,0.7763690476190475,1.426633229766456,6.0,3.97,50.165,42.955,1.167850075660575,2.48,6.652857142857143,8.275141283706649,0.9910196316272117,-0.5888841038611674,10.617837417693464,0.14285714285714285,Obstructive
+23.78,0.02,23.76,121.84499999999998,-2.918571428571427,3.0,0.25440476190476224,2.8743762095939625,6.0,3.9600000000000004,50.16,71.685,0.6997279765641347,4.48,8.759285714285715,7.664773283652682,0.5493816609383816,-0.8785786824255744,11.6393228202626,0.14285714285714285,Obstructive
+22.35,0.61,21.740000000000002,109.145,-2.940714285714284,3.0,0.43892857142857145,2.141933034804777,6.0,3.6233333333333335,53.510000000000005,55.635000000000005,0.9618046193942662,5.72,7.842857142857143,7.601569789543875,0.7410770519605692,-0.8147635243701092,10.92219169528586,0.14285714285714285,Obstructive
+23.94,-0.01,23.950000000000003,119.90999999999998,-2.8755952380952374,3.0,0.42648809523809583,3.1722057895224056,6.0,3.991666666666667,52.72,67.19,0.7846405715136181,3.75,8.659285714285714,7.817209462174479,0.5887887937885993,-0.9759053558062334,11.665847284151411,0.14285714285714285,Obstructive
+22.2,0.31,21.89,128.815,-1.779666666666666,3.0,0.4127056277056277,7.665911656780369,5.0,4.378,32.785,96.02999999999999,0.3414037280016662,6.64,9.504285714285714,6.710117855347479,0.3809103459145824,-0.44522284550627855,11.634308254959922,0.14285714285714285,Obstructive
+24.57,2.6,21.97,113.27499999999998,-3.139285714285711,2.0,0.6409523809523804,2.064666509506081,6.0,3.6616666666666666,61.045,52.23,1.1687727359754931,5.97,8.215714285714286,7.9294935113750356,0.8801504424244789,-0.7011336803390371,11.41817973984595,0.14285714285714285,Obstructive
+25.53,0.31,25.220000000000002,114.32,-1.9645238095238085,2.0,0.9525000000000003,6.537553696174129,6.0,4.203333333333334,55.33,58.99000000000001,0.93795558569249,3.85,8.381428571428572,7.818170097501677,0.9883270192002855,-0.17137879082205076,11.461768125879559,0.2857142857142857,Obstructive
+24.49,0.8,23.689999999999998,102.21999999999998,-3.1548809523809496,2.0,0.7387499999999998,1.631935938534508,6.0,3.948333333333333,56.435,45.785,1.232608933056678,5.14,7.339999999999998,8.210337560486952,0.9325126482255726,-0.6456180383187351,11.01295795220988,0.14285714285714285,Obstructive
+24.07,-0.08,24.15,96.01,-3.384166666666664,2.0,0.7518452380952377,1.1690689210188345,6.0,4.0249999999999995,49.48500000000001,46.525,1.063621708758732,2.33,6.843571428571429,8.491581214980648,0.9268896154336438,-0.7292530442472076,10.906026839714427,0.14285714285714285,Obstructive
+24.21,0.15,24.060000000000002,98.94000000000003,-3.210238095238093,2.0,0.6884523809523815,1.7843652489317436,6.0,4.010000000000001,49.91,49.03000000000001,1.0179481949826634,4.48,7.0914285714285725,7.951817274006219,0.9502497346766536,-0.49054141926675277,10.654565084641284,0.14285714285714285,Obstructive
+24.18,0.01,24.169999999999998,98.36999999999999,-3.3448809523809504,2.0,0.744940476190476,1.428218806893031,6.0,4.028333333333333,50.845,47.525000000000006,1.069857969489742,2.83,7.031428571428572,8.479785085840373,0.9310173865410193,-0.7163963847967603,11.015795153194475,0.14285714285714285,Obstructive
+24.22,0.1,24.119999999999997,99.895,-3.324999999999998,2.0,0.7089285714285712,1.4235349828223582,6.0,4.02,52.31,47.58500000000001,1.0992959966375957,3.93,7.146428571428572,8.295274564596449,0.8470643317240476,-0.8178835442793337,10.949110531388905,0.14285714285714285,Obstructive
+24.0,1.96,22.04,115.24499999999999,-3.1476190476190458,2.0,0.5076190476190476,2.3110807733904695,6.0,3.6733333333333333,54.01,61.235,0.8820119212868457,2.47,8.334999999999999,7.428692203688537,0.9438693680954987,-0.5402319843139516,11.16502095193479,0.14285714285714285,Obstructive
+26.31,-0.03,26.34,105.38000000000001,-3.49083333333333,2.0,0.5700595238095244,1.8468743811044015,6.0,4.39,44.675,60.705000000000005,0.7359360843423111,1.56,7.531428571428572,8.403947080426686,0.969165059367804,-0.35431434271389284,11.284890024149233,0.14285714285714285,Obstructive
+28.21,0.36,27.85,110.63000000000001,-3.794047619047616,2.0,0.8203571428571426,1.7500081759100297,6.0,4.641666666666667,53.115,57.51500000000001,0.9234982178562113,2.18,7.937857142857145,9.136865810371447,0.9962875677604139,-0.4376977081520903,12.103383529292248,0.14285714285714285,Obstructive
+28.11,0.25,27.86,125.11500000000001,-2.7639285714285693,2.0,1.107440476190476,4.890762994969113,6.0,4.6433333333333335,55.39,69.725,0.7944065973467194,2.71,9.175,8.894199353671873,0.8776175622218283,-0.5571333682594757,12.778396109952812,0.14285714285714285,Obstructive
+24.43,2.7,21.73,110.185,-3.156666666666664,2.0,0.766071428571428,2.8295542407508982,6.0,3.6216666666666666,51.015,59.17,0.8621767787730269,1.91,8.070714285714285,8.037440481259933,0.963301202211338,-0.6535521849536781,11.390209768543711,0.14285714285714285,Obstructive
+25.05,1.07,23.98,108.405,-2.786333333333333,3.0,0.4052380952380951,2.756092423755029,6.0,3.9966666666666666,38.53,69.875,0.5514132379248659,0.53,7.3119999999999985,7.578737977614304,1.0009797311633555,-0.21854330685262102,10.531030972005226,0.13333333333333333,Obstructive
+24.95,0.81,24.14,120.04000000000002,-2.6709999999999994,2.0,0.4838744588744588,3.2946622001535357,6.0,4.023333333333333,49.57000000000001,70.47,0.7034198949907763,3.23,8.112666666666668,7.5568498433908,0.9113440990993452,-0.45764040655562477,11.08698967258471,0.13333333333333333,Obstructive
+25.83,3.87,21.959999999999997,145.0,-2.7686666666666655,3.0,0.41138528138528124,3.810773241101394,6.0,3.6599999999999997,59.13,85.86999999999999,0.6885990450681263,4.0,9.909333333333334,7.273504855906049,0.9888004620129405,-0.4296712053567804,12.292223558006093,0.13333333333333333,Obstructive
+26.67,2.9,23.770000000000003,136.235,-2.2033333333333336,2.0,0.4093939393939391,5.866998099242793,6.0,3.9616666666666673,41.775000000000006,94.46000000000001,0.4422506881219564,0.66,9.379333333333332,7.335645817210341,0.8154773833112832,-0.07666948305198584,11.90729160360715,0.13333333333333333,Obstructive
+23.95,2.65,21.3,135.31,-2.1413333333333333,3.0,0.3073376623376621,5.681541578703105,6.0,3.5500000000000003,41.42,93.89,0.4411545425497923,0.3,9.293333333333333,7.1022847654039385,0.5955791759421364,-0.6322306556699253,11.696516290474413,0.13333333333333333,Obstructive
+25.09,2.92,22.17,132.04,-2.6431666666666653,3.0,0.3940584415584414,4.4884228118039475,6.0,3.6950000000000003,38.475,93.565,0.4112114572756907,0.27,9.049999999999999,7.747830664127863,0.8430338743917605,-0.48262189485096973,11.913495708649078,0.13333333333333333,Obstructive
+24.82,0.81,24.01,140.60500000000002,-2.2951666666666646,4.0,0.31388528138528154,5.625655577525191,6.0,4.001666666666667,39.825,100.78,0.39516769200238144,0.22,9.594000000000001,7.7197822076359985,0.47964515037667305,-0.8152819119229933,12.314214279982842,0.13333333333333333,Obstructive
+25.67,1.65,24.020000000000003,134.41000000000003,-2.704333333333333,3.0,0.4245021645021643,4.517812287142845,6.0,4.003333333333334,39.239999999999995,95.16999999999999,0.4123148050856362,0.21,9.174666666666667,8.096130653315543,0.8258275151040748,-0.48948497875870967,12.236087610016531,0.13333333333333333,Obstructive
+25.53,2.51,23.020000000000003,133.19500000000002,-3.0116666666666663,4.0,0.2535281385281383,3.1443902742331336,6.0,3.8366666666666673,42.44,90.755,0.46763263732025784,0.35,9.029333333333334,7.965654998526835,0.7001209726230253,-0.8146428711613121,12.040785688650057,0.13333333333333333,Obstructive
+24.39,1.16,23.23,115.14500000000001,-3.2673809523809516,2.0,0.6065476190476188,1.6497132248375057,7.0,3.3185714285714285,63.575,51.56999999999999,1.2327903820050419,7.59,7.726666666666666,8.436833265838287,0.8472173201054416,-0.7867707112487015,11.440346731342252,0.13333333333333333,Obstructive
+25.52,-0.02,25.54,124.44999999999997,-3.1622619047619023,2.0,0.47791666666666693,2.33614455227681,6.0,4.256666666666667,61.150000000000006,63.3,0.9660347551342814,8.33,8.918571428571429,8.402525009222659,0.6775796425341163,-0.7737938159603011,12.253299264163218,0.14285714285714285,Obstructive
+25.46,-0.04,25.5,113.88499999999998,-3.2560714285714263,2.0,0.4631547619047628,2.0550677127800245,6.0,4.25,52.510000000000005,61.37499999999999,0.8555600814663953,2.72,8.142857142857144,8.317561823868672,0.7415727513803035,-0.757302587261071,11.63992943032118,0.14285714285714285,Obstructive
+25.3,-0.07,25.37,108.095,-3.22440476190476,2.0,0.5869642857142863,2.346908147970714,6.0,4.2283333333333335,48.25,59.845,0.8062494778176957,1.3,7.740714285714285,8.268081021344083,0.8645074908662552,-0.5915515504253301,11.326068224612257,0.14285714285714285,Obstructive
+26.03,0.42,25.61,116.07,-2.809642857142853,2.0,0.6433928571428574,4.150372164185452,6.0,4.2683333333333335,42.125,73.94500000000001,0.5696801676922036,0.42,8.492142857142857,7.715808612907685,0.8063763492316964,-0.2764315891067506,11.47389179211408,0.14285714285714285,Obstructive
+24.49,1.76,22.729999999999997,111.49000000000001,-3.097619047619046,3.0,0.2626190476190478,2.505394995650786,6.0,3.7883333333333327,41.105000000000004,70.385,0.5840022732116218,0.9,8.069999999999999,7.512177732569583,0.7450410844747151,-0.6122811448445518,11.025321504868431,0.14285714285714285,Obstructive
+25.03,-0.01,25.040000000000003,114.16499999999999,-2.7564999999999986,3.0,0.33587662337662355,3.042512592092106,6.0,4.173333333333334,37.295,76.87,0.48516976713932614,0.07,7.6560000000000015,7.572227149260645,0.8114854198788852,-0.37275328669559693,10.768145615657321,0.13333333333333333,Obstructive
+25.75,0.25,25.5,116.74999999999999,-3.319166666666666,3.0,0.3156547619047618,2.687920162807042,6.0,4.25,39.15,77.6,0.5045103092783505,-0.02,8.395714285714286,8.261017504162647,0.7013664149976954,-0.7377165283531153,11.778473100170013,0.14285714285714285,Obstructive
+24.72,0.11,24.61,113.76499999999999,-2.1407142857142833,2.0,0.4189285714285718,5.65193825548448,6.0,4.101666666666667,34.595,79.16999999999999,0.43697107490210946,0.49,8.29857142857143,7.112366350381624,0.6476386628611245,-0.20730219884927736,10.929411825763674,0.14285714285714285,Obstructive
+24.99,0.67,24.319999999999997,125.76999999999998,-2.4423333333333317,3.0,0.40476190476190455,4.582828526537007,6.0,4.053333333333333,39.400000000000006,86.36999999999999,0.4561769132800742,0.01,8.543333333333331,7.659432238894879,0.7670487468268966,-0.5097366676398485,11.474120736102906,0.13333333333333333,Obstructive
+25.29,1.1,24.189999999999998,128.05,-2.2445000000000004,3.0,0.34760822510822476,5.289457747523072,6.0,4.031666666666666,37.135,90.91499999999999,0.40845845020073696,0.32,8.741999999999999,7.297909472353482,0.6830682267651473,-0.40023673508801716,11.387802538974174,0.13333333333333333,Obstructive
+24.85,1.31,23.540000000000003,131.485,-2.1509999999999994,2.0,0.3842424242424241,5.549185144891159,6.0,3.923333333333334,41.58,89.905,0.462488181969857,0.31,8.962666666666667,7.38317318110731,0.6997472940496545,-0.44765798098650045,11.612090251113276,0.13333333333333333,Obstructive
+24.09,1.08,23.009999999999998,123.025,-2.885666666666664,4.0,0.2583549783549781,3.15479880210823,6.0,3.8349999999999995,35.735,87.29,0.4093825180433039,0.38,8.296000000000001,7.870173060358964,0.7615684696476257,-0.7188434842058702,11.435175556151293,0.13333333333333333,Obstructive
+25.83,0.14,25.689999999999998,122.82000000000001,-2.9020238095238065,2.0,0.4955357142857145,3.0471158346192917,7.0,3.6699999999999995,58.275,64.545,0.9028584708343016,6.33,8.259333333333334,8.160954573795614,0.8942824339065544,-0.2863734418085029,11.61110531631966,0.13333333333333333,Obstructive
+22.3,0.44,21.86,115.875,-2.9053571428571408,3.0,0.27065476190476184,2.30573174700057,7.0,3.1228571428571428,54.28999999999999,61.584999999999994,0.8815458309653325,4.41,7.761333333333335,7.803040319146263,0.6457147862750972,-1.0002041646864226,11.005713667606173,0.13333333333333333,Obstructive
+25.51,0.05,25.46,115.62499999999999,-2.971785714285712,2.0,0.46684523809523837,2.417110435091656,7.0,3.6371428571428575,54.91,60.715,0.9043893601251749,2.67,7.725333333333334,8.34192772818263,0.9459832555041029,-0.31897049342515604,11.36963206675279,0.13333333333333333,Obstructive
+26.91,0.13,26.78,115.88500000000002,-2.6846428571428547,2.0,0.8817261904761908,3.865023526971331,7.0,3.825714285714286,58.660000000000004,57.224999999999994,1.0250764525993885,5.15,7.870000000000001,8.459853426626257,1.1821569504422273,0.22486603062552346,11.554480516232653,0.13333333333333333,Obstructive
+26.04,1.36,24.68,113.905,-2.9749999999999983,2.0,0.6320238095238094,2.7958046666458367,7.0,3.525714285714286,55.59,58.315000000000005,0.9532710280373832,3.28,7.704666666666667,8.024458334090566,1.0346259949091043,-0.1901610599442458,11.124469425550146,0.13333333333333333,Obstructive
+26.26,0.88,25.380000000000003,134.54999999999998,-2.6410714285714265,2.0,0.4019642857142861,4.1550708054144545,7.0,3.625714285714286,56.03,78.52000000000001,0.7135761589403973,1.74,9.111333333333333,8.475738604327585,0.7645067125203328,-0.45436828308138644,12.444056412601158,0.13333333333333333,Obstructive
+25.61,0.17,25.439999999999998,116.615,-3.1958333333333315,3.0,0.44886904761904767,2.5209779513043094,6.0,4.239999999999999,50.900000000000006,65.71499999999999,0.7745567982956709,2.78,8.383571428571427,8.391411942441813,0.8598589964861502,-0.4921765931838631,11.86170579156785,0.14285714285714285,Obstructive
+26.01,-0.02,26.03,127.30000000000001,-2.7753571428571404,2.0,0.4506547619047615,3.72321422963405,6.0,4.338333333333334,53.125,74.17500000000001,0.7162116616110549,1.8,9.18857142857143,8.33133316131926,0.7261141889649398,-0.5502269083300928,12.403263971344686,0.14285714285714285,Obstructive
+25.47,0.08,25.39,109.97500000000001,-3.1014285714285688,2.0,0.5490476190476191,2.55199087401525,6.0,4.2316666666666665,49.44500000000001,60.529999999999994,0.8168676689245005,3.13,7.910714285714286,8.000462008342941,0.928946855962638,-0.3337847142989685,11.251079630735127,0.14285714285714285,Obstructive
+27.16,0.92,26.24,121.675,-3.6029761904761872,3.0,0.40886904761904697,2.2455052957995867,6.0,4.373333333333333,47.32,74.355,0.6364064286194606,2.67,8.757857142857144,8.429566315375075,0.8023659299446246,-0.5879188149399397,12.155560456021762,0.14285714285714285,Obstructive
+26.84,-0.04,26.88,122.9,-3.3730952380952353,3.0,0.4275000000000004,2.6919087425823127,6.0,4.4799999999999995,48.77,74.13,0.6578982867934711,0.81,8.821428571428571,8.658279156921639,0.691572622892757,-0.7668367521529325,12.360558239820724,0.14285714285714285,Obstructive
+27.06,0.08,26.98,116.43,-3.471071428571427,3.0,0.5688690476190476,2.687562530524776,6.0,4.496666666666667,45.379999999999995,71.05,0.6387051372273047,0.11,8.397142857142857,8.714822700082747,0.8330335436830615,-0.5980298892542879,12.10207184151304,0.14285714285714285,Obstructive
+26.25,1.93,24.32,127.05,-3.0261904761904734,3.0,0.40345238095238134,3.3727160211921254,6.0,4.053333333333334,50.290000000000006,76.75999999999999,0.6551589369463263,3.39,9.242142857142856,7.121606137634392,1.0074987888771938,-0.041179880371363886,11.667668086272792,0.14285714285714285,Obstructive
+27.61,0.15,27.46,123.91499999999999,-3.7724999999999977,3.0,0.3614880952380952,2.1160024287899843,6.0,4.576666666666667,46.730000000000004,77.18499999999999,0.6054285159033492,0.3,8.885714285714284,9.143117407009896,0.694429025219924,-0.8499500338470223,12.749608397347515,0.14285714285714285,Obstructive
+30.17,0.09,30.080000000000002,121.37,-4.195833333333329,2.0,0.8356547619047618,1.9363151015228293,6.0,5.013333333333334,53.56,67.81,0.7898540038342428,0.26,8.709285714285715,10.128475039839564,0.8969907671052112,-0.6776487138416858,13.358056156706121,0.14285714285714285,Obstructive
+29.89,2.55,27.34,140.5,-3.8217857142857103,3.0,0.4864880952380954,2.885812564800743,6.0,4.556666666666667,52.849999999999994,87.64999999999999,0.602966343411295,0.53,10.212142857142855,9.426214342817305,0.7725094982478425,-0.7208652306415515,13.89753138407784,0.14285714285714285,Obstructive
+27.83,0.08,27.75,121.09,-3.542333333333332,3.0,0.4362987012987015,1.9739253752909263,6.0,4.625,40.705,80.385,0.5063755675810163,0.19,8.082,9.184531343514486,0.9086182186241982,-0.55243858907762,12.234146476154354,0.13333333333333333,Obstructive
+27.07,0.38,26.69,109.85000000000001,-3.144166666666666,2.0,0.621439393939394,2.211913596754555,6.0,4.448333333333333,46.334999999999994,63.515,0.7295127135322363,1.94,7.366000000000002,8.74613728072761,1.1364454317185495,-0.19103082462554744,11.43472226743323,0.13333333333333333,Obstructive
+26.35,-0.01,26.360000000000003,101.25499999999998,-3.4547619047619014,2.0,0.7801190476190475,1.8395613606199819,6.0,4.3933333333333335,48.925,52.33,0.9349321612841582,1.05,7.25642857142857,8.724269602782849,1.0270941223424193,-0.3857571826159387,11.347626875884037,0.14285714285714285,Restrictive
+32.02,0.19,31.830000000000002,123.96000000000001,-3.9574999999999965,2.0,1.048392857142857,1.6500716588565547,6.0,5.305000000000001,70.94500000000001,53.01500000000001,1.3382061680656419,5.97,8.88,10.8988433200173,1.136072594727861,-0.11447314091287453,14.058420455879306,0.14285714285714285,Restrictive
+32.46,0.13,32.33,125.67500000000001,-4.239333333333331,3.0,0.7350432900432908,1.7801903393305336,5.0,6.465999999999999,42.885,82.78999999999999,0.517997342674236,4.55,9.004285714285713,11.072946900496927,1.032462365643621,-0.4878994417826097,14.271906469904934,0.14285714285714285,Restrictive
+32.12,0.74,31.38,127.375,-4.004166666666664,2.0,1.0556547619047618,1.4138691075520275,6.0,5.2299999999999995,75.6,51.775,1.460164171897634,6.8,9.132857142857144,11.106299003314309,1.1157268291981466,-0.18734418991885127,14.37911531155019,0.14285714285714285,Restrictive
+37.17,-0.03,37.2,129.385,-4.483452380952379,2.0,1.267916666666667,1.6582367378769465,6.0,6.2,71.665,57.72,1.2415973665973667,4.6,9.26142857142857,12.039785746279978,1.2848320993702937,0.2971704874104373,15.189815667084313,0.14285714285714285,Restrictive
+33.17,0.54,32.63,124.88,-4.442666666666665,3.0,0.8045887445887443,1.3302120336749412,5.0,6.526000000000001,43.615,81.265,0.5367009167538301,4.42,8.942857142857141,11.501715666165031,1.0833953657263624,-0.41113204281151106,14.569288148116817,0.14285714285714285,Restrictive
+32.39,-0.03,32.42,119.77000000000001,-4.061190476190474,2.0,1.0977380952380957,1.215820438059655,6.0,5.403333333333333,69.475,50.295,1.381350034794711,5.06,8.554285714285713,11.102968531166862,1.1573813448137917,-0.08491635679927301,14.016123368667754,0.14285714285714285,Restrictive
+32.27,-0.06,32.330000000000005,122.84499999999998,-4.436333333333332,3.0,0.7360822510822513,1.3743102148457573,5.0,6.466000000000001,38.745000000000005,84.10000000000001,0.4607015457788347,2.95,8.770714285714286,11.445150229486297,1.0677958301273778,-0.43109120663978695,14.419323592219673,0.14285714285714285,Restrictive
+36.23,-0.03,36.26,129.215,-4.419166666666664,2.0,1.246964285714286,1.310396780337117,6.0,6.043333333333333,75.16499999999999,54.04999999999999,1.3906567992599446,5.24,9.232142857142856,12.273602439248824,1.2726093187752157,0.22157927571571667,15.358182788710016,0.14285714285714285,Restrictive
+38.55,0.01,38.54,136.96,-4.716547619047615,2.0,1.3854166666666665,1.2599942023261361,6.0,6.423333333333333,80.83999999999999,56.120000000000005,1.4404846756949392,3.65,9.787857142857144,13.288507482875907,1.2097487033438303,-0.047106354021882346,16.504138225652028,0.14285714285714285,Restrictive
+31.82,0.03,31.79,130.06,-3.933095238095236,2.0,0.8194047619047621,1.7075773288817664,6.0,5.298333333333333,68.735,61.324999999999996,1.12083163473298,5.49,9.304999999999998,10.589261238227554,1.0814912601173285,-0.11155669102532206,14.096647777802657,0.14285714285714285,Restrictive
+38.67,-0.02,38.690000000000005,138.605,-4.812619047619044,2.0,1.3033333333333335,1.3538310999224785,6.0,6.448333333333334,77.66499999999999,60.94,1.2744502789629142,3.58,9.905714285714286,12.93003740702009,1.1756700322883893,-0.06814089656404221,16.288310006171386,0.14285714285714285,Restrictive
+31.48,-0.06,31.54,121.68000000000002,-4.202833333333333,3.0,0.7208982683982683,1.4818696745670044,5.0,6.308,41.21,80.47,0.5121163166397416,6.18,8.689285714285715,10.83753099470652,1.101151791728559,-0.21658592693360834,13.890851820018609,0.14285714285714285,Restrictive
+35.18,-0.08,35.26,133.375,-4.373809523809522,2.0,1.1258333333333341,1.4874897593984495,6.0,5.876666666666666,74.78999999999999,58.585,1.2766066399248952,3.78,9.523571428571428,11.987894851022997,1.1061496459178208,-0.2503138249987309,15.310389796288197,0.14285714285714285,Restrictive
+32.41,-0.05,32.459999999999994,129.17499999999998,-4.321190476190473,2.0,1.0780952380952382,1.3344615604575958,6.0,5.409999999999999,72.23499999999999,56.94,1.2686160871092376,6.06,9.225714285714286,11.486331451080524,1.0250713002983443,-0.45376742907976375,14.732603784997213,0.14285714285714285,Restrictive
+23.66,0.03,23.63,99.505,-2.5080952380952355,2.0,0.8714285714285711,3.6774646921378538,6.0,3.938333333333333,48.385,51.120000000000005,0.9464984350547729,1.92,7.277142857142856,7.662789895305223,0.9996825556584892,-0.38609732123875506,10.567646717356572,0.14285714285714285,Restrictive
+33.52,1.93,31.590000000000003,132.08999999999997,-4.392499999999997,2.0,1.1574404761904769,1.3595791844414429,6.0,5.265000000000001,75.79500000000002,56.294999999999995,1.346389555022649,5.98,9.512142857142859,11.60288829717561,1.1064271507141823,-0.28250077005569496,15.003595521455134,0.14285714285714285,Restrictive
+32.28,0.12,32.160000000000004,119.975,-4.280999999999999,3.0,0.7774891774891772,1.4147244572305138,5.0,6.432,41.19,78.78500000000001,0.5228152567113028,3.58,8.579285714285714,11.191326657145648,1.0758309978751321,-0.43236313808081617,14.101416088970842,0.14285714285714285,Restrictive
+33.11,0.03,33.08,127.38000000000001,-3.9863095238095196,2.0,1.107678571428572,1.7386396254985839,6.0,5.513333333333333,74.18,53.199999999999996,1.3943609022556394,4.97,9.123571428571427,11.315022635633477,1.0838496323727405,-0.35985408997534885,14.53510553305833,0.14285714285714285,Restrictive
+34.98,0.3,34.68,131.82999999999998,-4.31738095238095,2.0,1.221666666666666,1.4800386383149118,6.0,5.78,77.55,54.279999999999994,1.4287030213706706,4.43,9.439285714285717,12.089595564714617,1.1286637293087423,-0.2682438200847397,15.3381366441392,0.14285714285714285,Restrictive
+32.95,0.15,32.800000000000004,127.135,-4.071190476190471,2.0,1.0627380952380951,1.5972445075640722,6.0,5.466666666666668,72.53,54.605000000000004,1.3282666422488782,5.98,9.102142857142857,11.161565544678902,1.1318929107890234,-0.11908833521258844,14.402414728093342,0.14285714285714285,Restrictive
+34.25,0.11,34.14,125.51,-4.121428571428568,2.0,1.235119047619048,1.6080601053251893,6.0,5.69,74.25999999999999,51.25,1.4489756097560973,3.63,8.983571428571429,11.848534934836493,1.180610513522896,-0.1502581722245644,14.869174009146764,0.14285714285714285,Restrictive
diff --git a/Code/ML/results/pressure_model_results.png b/Code/ML/results/pressure_model_results.png
new file mode 100644
index 0000000..5847edf
Binary files /dev/null and b/Code/ML/results/pressure_model_results.png differ
diff --git a/Code/ML/results/pressure_waveforms.png b/Code/ML/results/pressure_waveforms.png
new file mode 100644
index 0000000..cb74474
Binary files /dev/null and b/Code/ML/results/pressure_waveforms.png differ
diff --git a/Code/ML/results/train_test_split.png b/Code/ML/results/train_test_split.png
new file mode 100644
index 0000000..48594a8
Binary files /dev/null and b/Code/ML/results/train_test_split.png differ
diff --git a/Code/ML/weights/pressure_models.pkl b/Code/ML/weights/pressure_models.pkl
new file mode 100644
index 0000000..37a94d0
Binary files /dev/null and b/Code/ML/weights/pressure_models.pkl differ
diff --git a/Code/ui/dashboard.qml b/Code/ui/dashboard.qml
index 456a229..4c9af99 100644
--- a/Code/ui/dashboard.qml
+++ b/Code/ui/dashboard.qml
@@ -1,7 +1,7 @@
 import QtQuick
 import QtQuick.Controls
 import QtQuick.Layouts
-import QtCharts 
+import QtCharts
 import QtQuick.VirtualKeyboard
 
 ApplicationWindow {
@@ -11,260 +11,305 @@ ApplicationWindow {
     width: 1280
     height: 800
     title: "BVM Emergency Ventilator"
-    color: "#121212" 
+    color: "#121212"
 
-    // --- Floating Exit Button ---
+    // ظ¤ظ¤ Floating Exit Button ظ¤ظ¤ظ¤ظ¤ظ¤ظ¤ظ¤ظ¤ظ¤ظ¤ظ¤ظ¤ظ¤ظ¤ظ¤ظ¤ظ¤ظ¤ظ¤ظ¤ظ¤ظ¤ظ¤ظ¤ظ¤ظ¤ظ¤ظ¤ظ¤ظ¤ظ¤ظ¤ظ¤ظ¤ظ¤ظ¤ظ¤ظ¤ظ¤ظ¤ظ¤ظ¤ظ¤ظ¤ظ¤ظ¤ظ¤ظ¤ظ¤
     Button {
         text: "ظ£ـ"
         anchors.top: parent.top
         anchors.right: parent.right
         anchors.margins: 10
-        width: 35
-        height: 35
-        z: 999  // Ensure it sits above the charts and panels!
+        width: 35; height: 35; z: 999
         background: Rectangle { color: "#D32F2F"; radius: 5; border.color: "#B71C1C"; border.width: 2 }
-        contentItem: Text { text: parent.text; color: "white"; font.bold: true; font.pixelSize: 18; horizontalAlignment: Text.AlignHCenter; verticalAlignment: Text.AlignVCenter }
+        contentItem: Text { text: parent.text; color: "white"; font.bold: true; font.pixelSize: 18
+                            horizontalAlignment: Text.AlignHCenter; verticalAlignment: Text.AlignVCenter }
         onClicked: VentCore.exitApp()
     }
 
-    // --- Dynamic Settings Pop-up ---
+    // ظ¤ظ¤ Settings Popup ظ¤ظ¤ظ¤ظ¤ظ¤ظ¤ظ¤ظ¤ظ¤ظ¤ظ¤ظ¤ظ¤ظ¤ظ¤ظ¤ظ¤ظ¤ظ¤ظ¤ظ¤ظ¤ظ¤ظ¤ظ¤ظ¤ظ¤ظ¤ظ¤ظ¤ظ¤ظ¤ظ¤ظ¤ظ¤ظ¤ظ¤ظ¤ظ¤ظ¤ظ¤ظ¤ظ¤ظ¤ظ¤ظ¤ظ¤ظ¤ظ¤ظ¤ظ¤ظ¤ظ¤ظ¤ظ¤
     Popup {
         id: editPopup
         anchors.centerIn: parent
-        width: 400
-        height: 250
-        modal: true
-        focus: true
+        width: 400; height: 250
+        modal: true; focus: true
         closePolicy: Popup.CloseOnEscape | Popup.CloseOnPressOutside
-        
-        background: Rectangle {
-            color: "#2a2a2a"
-            radius: 12
-            border.color: "#444"
-            border.width: 2
-        }
+        background: Rectangle { color: "#2a2a2a"; radius: 12; border.color: "#444"; border.width: 2 }
 
         property string activeSetting: ""
-        property int tempValue: 0
+        property int    tempValue: 0
         property string tempString: ""
 
         ColumnLayout {
-            anchors.fill: parent
-            anchors.margins: 20
-            spacing: 20
+            anchors.fill: parent; anchors.margins: 20; spacing: 20
 
             Text {
                 text: "Edit " + editPopup.activeSetting
-                color: "white"
-                font.pixelSize: 24
-                font.bold: true
+                color: "white"; font.pixelSize: 24; font.bold: true
                 Layout.alignment: Qt.AlignHCenter
             }
 
             StackLayout {
                 id: popupStack
-                Layout.fillWidth: true
-                Layout.fillHeight: true
+                Layout.fillWidth: true; Layout.fillHeight: true
 
-                // Index 0: Mode Selection
-                ComboBox { 
+                // 0: Mode
+                ComboBox {
                     model: ["VCV", "PCV"]
                     currentIndex: find(editPopup.tempString)
-                    onActivated: editPopup.tempString = currentText 
+                    onActivated: editPopup.tempString = currentText
                 }
-
-                // Index 1: RR Slider
-                ColumnLayout { 
-                    Text { 
-                        text: editPopup.tempValue + " BPM"
-                        color: "#00ffcc"
-                        font.pixelSize: 24
-                        Layout.alignment: Qt.AlignHCenter 
-                    }
-                    Slider { 
-                        from: 10; to: 40; stepSize: 1
-                        value: editPopup.tempValue
-                        onMoved: editPopup.tempValue = value
-                        Layout.fillWidth: true 
-                    } 
+                // 1: RR
+                ColumnLayout {
+                    Text { text: editPopup.tempValue + " BPM"; color: "#00ffcc"; font.pixelSize: 24; Layout.alignment: Qt.AlignHCenter }
+                    Slider { from: 10; to: 40; stepSize: 1; value: editPopup.tempValue; onMoved: editPopup.tempValue = value; Layout.fillWidth: true }
                 }
-
-                // Index 2: Tidal Volume Slider
-                ColumnLayout { 
-                    Text { 
-                        text: editPopup.tempValue + " mL"
-                        color: "#00ffcc"
-                        font.pixelSize: 24
-                        Layout.alignment: Qt.AlignHCenter 
-                    }
-                    Slider { 
-                        from: 200; to: 800; stepSize: 10
-                        value: editPopup.tempValue
-                        onMoved: editPopup.tempValue = value
-                        Layout.fillWidth: true 
-                    } 
+                // 2: Tidal Volume
+                ColumnLayout {
+                    Text { text: editPopup.tempValue + " mL"; color: "#00ffcc"; font.pixelSize: 24; Layout.alignment: Qt.AlignHCenter }
+                    Slider { from: 200; to: 800; stepSize: 10; value: editPopup.tempValue; onMoved: editPopup.tempValue = value; Layout.fillWidth: true }
                 }
-
-                // Index 3: I:E Ratio Selection
-                ComboBox { 
+                // 3: I:E Ratio
+                ComboBox {
                     model: ["1:1", "1:2", "1:3", "1:4"]
                     currentIndex: find(editPopup.tempString)
-                    onActivated: editPopup.tempString = currentText 
+                    onActivated: editPopup.tempString = currentText
                 }
-
-                // Index 4: Target PIP Slider
-                ColumnLayout { 
-                    Text { 
-                        text: editPopup.tempValue + " cmH2O"
-                        color: "#00ffcc"
-                        font.pixelSize: 24
-                        Layout.alignment: Qt.AlignHCenter 
-                    }
-                    Slider { 
-                        from: 10; to: 40; stepSize: 1
-                        value: editPopup.tempValue
-                        onMoved: editPopup.tempValue = value
-                        Layout.fillWidth: true 
-                    } 
+                // 4: Target PIP
+                ColumnLayout {
+                    Text { text: editPopup.tempValue + " cmH2O"; color: "#00ffcc"; font.pixelSize: 24; Layout.alignment: Qt.AlignHCenter }
+                    Slider { from: 10; to: 40; stepSize: 1; value: editPopup.tempValue; onMoved: editPopup.tempValue = value; Layout.fillWidth: true }
                 }
             }
 
             Button {
                 text: "SAVE & SEND"
-                Layout.fillWidth: true
-                Layout.preferredHeight: 50
-                font.pixelSize: 18
-                font.bold: true
+                Layout.fillWidth: true; Layout.preferredHeight: 50
+                font.pixelSize: 18; font.bold: true
                 onClicked: {
-                    if (popupStack.currentIndex === 0) VentCore.mode = editPopup.tempString
-                    if (popupStack.currentIndex === 1) VentCore.rr = editPopup.tempValue
-                    if (popupStack.currentIndex === 2) VentCore.tidal_volume = editPopup.tempValue
-                    if (popupStack.currentIndex === 3) VentCore.ie_ratio = editPopup.tempString
-                    if (popupStack.currentIndex === 4) VentCore.target_pip = editPopup.tempValue
+                    if (popupStack.currentIndex === 0) VentCore.mode          = editPopup.tempString
+                    if (popupStack.currentIndex === 1) VentCore.rr            = editPopup.tempValue
+                    if (popupStack.currentIndex === 2) VentCore.tidal_volume  = editPopup.tempValue
+                    if (popupStack.currentIndex === 3) VentCore.ie_ratio      = editPopup.tempString
+                    if (popupStack.currentIndex === 4) VentCore.target_pip    = editPopup.tempValue
                     editPopup.close()
                 }
             }
         }
     }
 
-    // --- Main Layout ---
+    // ظ¤ظ¤ Main Layout ظ¤ظ¤ظ¤ظ¤ظ¤ظ¤ظ¤ظ¤ظ¤ظ¤ظ¤ظ¤ظ¤ظ¤ظ¤ظ¤ظ¤ظ¤ظ¤ظ¤ظ¤ظ¤ظ¤ظ¤ظ¤ظ¤ظ¤ظ¤ظ¤ظ¤ظ¤ظ¤ظ¤ظ¤ظ¤ظ¤ظ¤ظ¤ظ¤ظ¤ظ¤ظ¤ظ¤ظ¤ظ¤ظ¤ظ¤ظ¤ظ¤ظ¤ظ¤ظ¤ظ¤ظ¤ظ¤ظ¤ظ¤ظ¤
     GridLayout {
-        anchors.fill: parent
-        anchors.margins: 10
-        columns: 2
-        columnSpacing: 10
+        anchors.fill: parent; anchors.margins: 10
+        columns: 2; columnSpacing: 10
 
-        // --- Left Panel: Graphs & ML Status ---
+        // ظ¤ظ¤ Left Panel: Charts + ML Diagnostic ظ¤ظ¤ظ¤ظ¤ظ¤ظ¤ظ¤ظ¤ظ¤ظ¤ظ¤ظ¤ظ¤ظ¤ظ¤ظ¤ظ¤ظ¤ظ¤ظ¤ظ¤ظ¤ظ¤ظ¤ظ¤ظ¤ظ¤ظ¤ظ¤ظ¤
         Rectangle {
-            Layout.fillWidth: true
-            Layout.fillHeight: true
-            color: "#1e1e1e"
-            radius: 10
+            Layout.fillWidth: true; Layout.fillHeight: true
+            color: "#1e1e1e"; radius: 10
 
             ColumnLayout {
-                anchors.fill: parent
-                anchors.margins: 10
-                spacing: 5
+                anchors.fill: parent; anchors.margins: 10; spacing: 5
 
+                // Pressure chart
                 ChartView {
-                    title: "Pressure (cmH2O)"
-                    titleColor: "white"; backgroundColor: "transparent"; legend.visible: false; antialiasing: true
-                    Layout.fillWidth: true; Layout.fillHeight: true; margins { top: 0; bottom: 0; left: 35; right: 15 }
+                    title: "Pressure (cmH2O)"; titleColor: "white"
+                    backgroundColor: "transparent"; legend.visible: false; antialiasing: true
+                    Layout.fillWidth: true; Layout.fillHeight: true
+                    margins { top: 0; bottom: 0; left: 35; right: 15 }
                     ValueAxis { id: axisX_P; min: 0; max: 15; color: "#444"; labelsColor: "white"; tickCount: 6; labelFormat: "%.0f"; labelsFont.pixelSize: 12 }
-                    ValueAxis { id: axisY_P; min: 0; max: 40; color: "#444"; labelsColor: "white"; tickCount: 3; labelFormat: "%.0f"; labelsFont.pixelSize: 12 }
+                    ValueAxis { id: axisY_P; min: 0; max: 40;  color: "#444"; labelsColor: "white"; tickCount: 3; labelFormat: "%.0f"; labelsFont.pixelSize: 12 }
                     LineSeries { id: pressureSeries; axisX: axisX_P; axisY: axisY_P; color: "#00ffcc"; width: 3 }
                 }
 
+                // Flow chart
                 ChartView {
-                    title: "Flow (L/min)"
-                    titleColor: "white"; backgroundColor: "transparent"; legend.visible: false; antialiasing: true
-                    Layout.fillWidth: true; Layout.fillHeight: true; margins { top: 0; bottom: 0; left: 35; right: 15 }
+                    title: "Flow (L/min)"; titleColor: "white"
+                    backgroundColor: "transparent"; legend.visible: false; antialiasing: true
+                    Layout.fillWidth: true; Layout.fillHeight: true
+                    margins { top: 0; bottom: 0; left: 35; right: 15 }
                     ValueAxis { id: axisX_F; min: 0; max: 15; color: "#444"; labelsColor: "white"; tickCount: 6; labelFormat: "%.0f"; labelsFont.pixelSize: 12 }
                     ValueAxis { id: axisY_F; min: -60; max: 60; color: "#444"; labelsColor: "white"; tickCount: 3; labelFormat: "%.0f"; labelsFont.pixelSize: 12 }
-                    LineSeries { id: flowSeries; axisX: axisX_F; axisY: axisY_F; color: "#ffcc00"; width: 3; visible: true }
-                    LineSeries { id: calcFlowSeries; axisX: axisX_F; axisY: axisY_F; color: "#00ccff"; width: 3; visible: true }
+                    LineSeries { id: flowSeries;     axisX: axisX_F; axisY: axisY_F; color: "#ffcc00"; width: 3 }
+                    LineSeries { id: calcFlowSeries; axisX: axisX_F; axisY: axisY_F; color: "#00ccff"; width: 3 }
                 }
 
                 RowLayout {
-                    Layout.alignment: Qt.AlignHCenter
-                    spacing: 20
+                    Layout.alignment: Qt.AlignHCenter; spacing: 20
                     CheckBox {
-                        text: "Physical Flow"
-                        checked: true
+                        text: "Physical Flow"; checked: true
                         onCheckedChanged: flowSeries.visible = checked
-                        contentItem: Text { text: parent.text; color: "#ffcc00"; font.pixelSize: 14; leftPadding: parent.indicator.width + parent.spacing; verticalAlignment: Text.AlignVCenter }
+                        contentItem: Text { text: parent.text; color: "#ffcc00"; font.pixelSize: 14
+                                            leftPadding: parent.indicator.width + parent.spacing
+                                            verticalAlignment: Text.AlignVCenter }
                     }
                     CheckBox {
-                        text: "Calculated Flow"
-                        checked: true
+                        text: "Calculated Flow"; checked: true
                         onCheckedChanged: calcFlowSeries.visible = checked
-                        contentItem: Text { text: parent.text; color: "#00ccff"; font.pixelSize: 14; leftPadding: parent.indicator.width + parent.spacing; verticalAlignment: Text.AlignVCenter }
+                        contentItem: Text { text: parent.text; color: "#00ccff"; font.pixelSize: 14
+                                            leftPadding: parent.indicator.width + parent.spacing
+                                            verticalAlignment: Text.AlignVCenter }
                     }
                 }
 
+                // Volume chart
                 ChartView {
-                    title: "Volume (mL)"
-                    titleColor: "white"; backgroundColor: "transparent"; legend.visible: false; antialiasing: true
-                    Layout.fillWidth: true; Layout.fillHeight: true; margins { top: 0; bottom: 0; left: 35; right: 15 }
+                    title: "Volume (mL)"; titleColor: "white"
+                    backgroundColor: "transparent"; legend.visible: false; antialiasing: true
+                    Layout.fillWidth: true; Layout.fillHeight: true
+                    margins { top: 0; bottom: 0; left: 35; right: 15 }
                     ValueAxis { id: axisX_V; min: 0; max: 15; color: "#444"; labelsColor: "white"; tickCount: 6; labelFormat: "%.0f"; labelsFont.pixelSize: 12 }
                     ValueAxis { id: axisY_V; min: 0; max: 800; color: "#444"; labelsColor: "white"; tickCount: 3; labelFormat: "%.0f"; labelsFont.pixelSize: 12 }
                     LineSeries { id: volumeSeries; axisX: axisX_V; axisY: axisY_V; color: "#ff00ff"; width: 3 }
                 }
 
-                Text {
-                    id: mlStatus
-                    text: "ML Analysis: Standby"
-                    color: "#ffcc00"
-                    font.pixelSize: 16
-                    Layout.alignment: Qt.AlignHCenter
-                    Layout.topMargin: 10
+                // ظ¤ظ¤ ML Diagnostic Panel (replaces mlStatus Text) ظ¤ظ¤ظ¤ظ¤ظ¤ظ¤ظ¤ظ¤ظ¤ظ¤ظ¤ظ¤ظ¤
+                Rectangle {
+                    id: mlPanel
+                    Layout.fillWidth: true
+                    Layout.preferredHeight: 88
+                    color: "#141414"; radius: 8
+                    border.width: 2
+                    border.color: mlAccent.color
+
+                    // Tracks current accent colour ظ¤ animated on change
+                    QtObject {
+                        id: mlAccent
+                        property color color: "#555555"
+                        Behavior on color { ColorAnimation { duration: 400 } }
+                    }
+
+                    RowLayout {
+                        anchors.fill: parent; anchors.margins: 10; spacing: 12
+
+                        // ظ¤ظ¤ Coloured badge with icon ظ¤ظ¤ظ¤ظ¤ظ¤ظ¤ظ¤ظ¤ظ¤ظ¤ظ¤ظ¤ظ¤ظ¤ظ¤ظ¤ظ¤ظ¤ظ¤ظ¤ظ¤ظ¤ظ¤ظ¤ظ¤
+                        Rectangle {
+                            id: mlBadge
+                            width: 60; height: 60; radius: 8
+                            color: mlAccent.color
+
+                            Text {
+                                anchors.centerIn: parent
+                                font.pixelSize: 30; font.bold: true; color: "white"
+                                text: {
+                                    if (mlLabel.text === "Normal")      return "ظ£ô"
+                                    if (mlLabel.text === "Obstructive") return "ظأب"
+                                    if (mlLabel.text === "Restrictive") return "ظأب"
+                                    return "?"
+                                }
+                            }
+
+                            // Brief pulse animation on every new prediction
+                            SequentialAnimation {
+                                id: badgePulse
+                                PropertyAnimation { target: mlBadge; property: "scale"; to: 1.15; duration: 100 }
+                                PropertyAnimation { target: mlBadge; property: "scale"; to: 1.00; duration: 100 }
+                            }
+                        }
+
+                        // ظ¤ظ¤ Label + confidence text ظ¤ظ¤ظ¤ظ¤ظ¤ظ¤ظ¤ظ¤ظ¤ظ¤ظ¤ظ¤ظ¤ظ¤ظ¤ظ¤ظ¤ظ¤ظ¤ظ¤ظ¤ظ¤ظ¤ظ¤ظ¤ظ¤
+                        ColumnLayout {
+                            Layout.fillWidth: true; spacing: 3
+
+                            Text {
+                                id: mlLabel
+                                text: "Awaiting breathظخ"
+                                color: mlAccent.color
+                                font.pixelSize: 22; font.bold: true
+                                Behavior on color { ColorAnimation { duration: 400 } }
+                            }
+                            Text {
+                                id: mlConfidence
+                                text: "ML model ready ظ¤ waiting for first breath cycle"
+                                color: "#aaaaaa"; font.pixelSize: 12
+                            }
+                        }
+
+                        // ظ¤ظ¤ Probability bars ظ¤ظ¤ظ¤ظ¤ظ¤ظ¤ظ¤ظ¤ظ¤ظ¤ظ¤ظ¤ظ¤ظ¤ظ¤ظ¤ظ¤ظ¤ظ¤ظ¤ظ¤ظ¤ظ¤ظ¤ظ¤ظ¤ظ¤ظ¤ظ¤ظ¤ظ¤ظ¤ظ¤
+                        ColumnLayout {
+                            Layout.preferredWidth: 190; spacing: 6
+
+                            // Reusable probability bar row
+                            component ProbBar : RowLayout {
+                                property string label:    "?"
+                                property real   prob:     0.0
+                                property color  barColor: "white"
+                                spacing: 6
+
+                                Text {
+                                    text: parent.label; color: "#999999"
+                                    font.pixelSize: 11; Layout.preferredWidth: 76
+                                }
+                                Rectangle {
+                                    height: 10; radius: 5; Layout.fillWidth: true
+                                    color: "#2a2a2a"
+                                    Rectangle {
+                                        width: parent.width * parent.parent.prob
+                                        height: parent.height; radius: 5
+                                        color: parent.parent.barColor
+                                        Behavior on width {
+                                            NumberAnimation { duration: 450; easing.type: Easing.OutCubic }
+                                        }
+                                    }
+                                }
+                                Text {
+                                    text: Math.round(parent.prob * 100) + "%"
+                                    color: "#cccccc"; font.pixelSize: 11
+                                    Layout.preferredWidth: 32
+                                }
+                            }
+
+                            ProbBar { id: barNormal;      label: "Normal";      barColor: "#2ecc71"; prob: 0.0 }
+                            ProbBar { id: barObstructive; label: "Obstructive"; barColor: "#e74c3c"; prob: 0.0 }
+                            ProbBar { id: barRestrictive; label: "Restrictive"; barColor: "#3498db"; prob: 0.0 }
+                        }
+                    }
                 }
+                // ظ¤ظ¤ end ML panel ظ¤ظ¤ظ¤ظ¤ظ¤ظ¤ظ¤ظ¤ظ¤ظ¤ظ¤ظ¤ظ¤ظ¤ظ¤ظ¤ظ¤ظ¤ظ¤ظ¤ظ¤ظ¤ظ¤ظ¤ظ¤ظ¤ظ¤ظ¤ظ¤ظ¤ظ¤ظ¤ظ¤ظ¤ظ¤ظ¤ظ¤ظ¤ظ¤ظ¤ظ¤ظ¤ظ¤ظ¤ظ¤
             }
         }
 
-        // --- Right Panel: Settings Controls ---
+        // ظ¤ظ¤ Right Panel: Controls & Settings ظ¤ظ¤ظ¤ظ¤ظ¤ظ¤ظ¤ظ¤ظ¤ظ¤ظ¤ظ¤ظ¤ظ¤ظ¤ظ¤ظ¤ظ¤ظ¤ظ¤ظ¤ظ¤ظ¤ظ¤ظ¤ظ¤ظ¤ظ¤ظ¤ظ¤ظ¤ظ¤
         Rectangle {
-            Layout.preferredWidth: 250
-            Layout.fillHeight: true
-            color: "#1e1e1e"
-            radius: 10
+            Layout.preferredWidth: 250; Layout.fillHeight: true
+            color: "#1e1e1e"; radius: 10
 
             ColumnLayout {
-                anchors.fill: parent
-                anchors.margins: 15
-                spacing: 15
+                anchors.fill: parent; anchors.margins: 15; spacing: 15
 
                 Text { text: "CONTROLS"; color: "white"; font.bold: true; font.pixelSize: 18; Layout.alignment: Qt.AlignHCenter }
 
                 RowLayout {
                     Layout.fillWidth: true
-                    Button { 
-                        text: "START"; Layout.fillWidth: true; background: Rectangle { color: "#2E7D32"; radius: 5 }
+                    Button {
+                        text: "START"; Layout.fillWidth: true
+                        background: Rectangle { color: "#2E7D32"; radius: 5 }
                         contentItem: Text { text: parent.text; color: "white"; font.bold: true; horizontalAlignment: Text.AlignHCenter }
-                        onClicked: VentCore.startVentilation() 
+                        onClicked: VentCore.startVentilation()
                     }
-                    Button { 
-                        text: "STOP"; Layout.fillWidth: true; background: Rectangle { color: "#F57C00"; radius: 5 }
+                    Button {
+                        text: "STOP"; Layout.fillWidth: true
+                        background: Rectangle { color: "#F57C00"; radius: 5 }
                         contentItem: Text { text: parent.text; color: "white"; font.bold: true; horizontalAlignment: Text.AlignHCenter }
-                        onClicked: VentCore.stopVentilation() 
+                        onClicked: VentCore.stopVentilation()
                     }
                 }
-                
-                Button { 
-                    text: "EMERGENCY STOP"; Layout.fillWidth: true; background: Rectangle { color: "#D32F2F"; radius: 5 }
+
+                Button {
+                    text: "EMERGENCY STOP"; Layout.fillWidth: true
+                    background: Rectangle { color: "#D32F2F"; radius: 5 }
                     contentItem: Text { text: parent.text; color: "white"; font.bold: true; font.pixelSize: 16; horizontalAlignment: Text.AlignHCenter }
-                    onClicked: VentCore.emergencyStop() 
+                    onClicked: VentCore.emergencyStop()
                 }
 
-                Button { 
-                    text: "HOME CALIBRATE"; Layout.fillWidth: true; background: Rectangle { color: "#1565C0"; radius: 5 }
+                Button {
+                    text: "HOME CALIBRATE"; Layout.fillWidth: true
+                    background: Rectangle { color: "#1565C0"; radius: 5 }
                     contentItem: Text { text: parent.text; color: "white"; font.bold: true; horizontalAlignment: Text.AlignHCenter }
-                    onClicked: VentCore.calibrateHome() 
+                    onClicked: VentCore.calibrateHome()
                 }
 
                 Button {
-                    text: "DATA LOGGING SETTINGS"
-                    Layout.fillWidth: true
+                    text: "DATA LOGGING SETTINGS"; Layout.fillWidth: true
                     background: Rectangle { color: "#555"; radius: 5 }
                     contentItem: Text { text: parent.text; color: "white"; font.bold: true; horizontalAlignment: Text.AlignHCenter }
                     onClicked: loggingDialog.open()
@@ -274,55 +319,46 @@ ApplicationWindow {
 
                 Text { text: "SETTINGS"; color: "white"; font.bold: true; font.pixelSize: 18; Layout.alignment: Qt.AlignHCenter }
 
-                // The Fix: ScrollView to prevent Settings from being cut off on 8-inch screens
                 ScrollView {
-                    Layout.fillWidth: true
-                    Layout.fillHeight: true
-                    clip: true
-                    ScrollBar.vertical.policy: ScrollBar.AsNeeded
+                    Layout.fillWidth: true; Layout.fillHeight: true
+                    clip: true; ScrollBar.vertical.policy: ScrollBar.AsNeeded
 
                     ColumnLayout {
-                        width: parent.width - 15 // Leave room for scrollbar
-                        spacing: 10
+                        width: parent.width - 15; spacing: 10
 
                         component SettingRow : Rectangle {
-                            id: rootRow // Safer internal referencing
+                            id: rootRow
                             property string label
                             property string val
-                            property int stackIndex
-                            
-                            Layout.fillWidth: true
-                            height: 50 // Slimmer profile
-                            color: "#2a2a2a"
-                            radius: 8
+                            property int    stackIndex
+                            Layout.fillWidth: true; height: 50
+                            color: "#2a2a2a"; radius: 8
                             border.color: mouseArea.pressed ? "#00ffcc" : "#444"
-                            
+
                             ColumnLayout {
                                 anchors.centerIn: parent
-                                Text { text: rootRow.label; color: "gray"; font.pixelSize: 12; Layout.alignment: Qt.AlignHCenter }
-                                Text { text: rootRow.val; color: "white"; font.pixelSize: 16; font.bold: true; Layout.alignment: Qt.AlignHCenter }
+                                Text { text: rootRow.label; color: "gray";  font.pixelSize: 12; Layout.alignment: Qt.AlignHCenter }
+                                Text { text: rootRow.val;   color: "white"; font.pixelSize: 16; font.bold: true; Layout.alignment: Qt.AlignHCenter }
                             }
-
                             MouseArea {
-                                id: mouseArea
-                                anchors.fill: parent
+                                id: mouseArea; anchors.fill: parent
                                 onClicked: {
-                                    editPopup.activeSetting = rootRow.label
-                                    popupStack.currentIndex = rootRow.stackIndex
+                                    editPopup.activeSetting  = rootRow.label
+                                    popupStack.currentIndex  = rootRow.stackIndex
                                     if (rootRow.stackIndex === 0) editPopup.tempString = VentCore.mode
-                                    if (rootRow.stackIndex === 1) editPopup.tempValue = VentCore.rr
-                                    if (rootRow.stackIndex === 2) editPopup.tempValue = VentCore.tidal_volume
+                                    if (rootRow.stackIndex === 1) editPopup.tempValue  = VentCore.rr
+                                    if (rootRow.stackIndex === 2) editPopup.tempValue  = VentCore.tidal_volume
                                     if (rootRow.stackIndex === 3) editPopup.tempString = VentCore.ie_ratio
-                                    if (rootRow.stackIndex === 4) editPopup.tempValue = VentCore.target_pip
+                                    if (rootRow.stackIndex === 4) editPopup.tempValue  = VentCore.target_pip
                                     editPopup.open()
                                 }
                             }
                         }
 
-                        SettingRow { label: "Mode"; val: VentCore.mode; stackIndex: 0 }
-                        SettingRow { label: "Resp Rate"; val: VentCore.rr + " BPM"; stackIndex: 1 }
-                        SettingRow { label: "Tidal Vol"; val: VentCore.tidal_volume + " mL"; stackIndex: 2 }
-                        SettingRow { label: "I:E Ratio"; val: VentCore.ie_ratio; stackIndex: 3 }
+                        SettingRow { label: "Mode";       val: VentCore.mode;                  stackIndex: 0 }
+                        SettingRow { label: "Resp Rate";  val: VentCore.rr + " BPM";           stackIndex: 1 }
+                        SettingRow { label: "Tidal Vol";  val: VentCore.tidal_volume + " mL";  stackIndex: 2 }
+                        SettingRow { label: "I:E Ratio";  val: VentCore.ie_ratio;              stackIndex: 3 }
                         SettingRow { label: "Target PIP"; val: VentCore.target_pip + " cmH2O"; stackIndex: 4 }
                     }
                 }
@@ -330,65 +366,44 @@ ApplicationWindow {
         }
     }
 
+    // ظ¤ظ¤ Data Logging Dialog ظ¤ظ¤ظ¤ظ¤ظ¤ظ¤ظ¤ظ¤ظ¤ظ¤ظ¤ظ¤ظ¤ظ¤ظ¤ظ¤ظ¤ظ¤ظ¤ظ¤ظ¤ظ¤ظ¤ظ¤ظ¤ظ¤ظ¤ظ¤ظ¤ظ¤ظ¤ظ¤ظ¤ظ¤ظ¤ظ¤ظ¤ظ¤ظ¤ظ¤ظ¤ظ¤ظ¤ظ¤ظ¤ظ¤ظ¤ظ¤ظ¤ظ¤
     Dialog {
         id: loggingDialog
         title: "Data Logging Settings"
-        x: (parent.width - width) / 2
-        y: (parent.height - height) / 2
-        modal: true
-        standardButtons: Dialog.NoButton
-        
-        background: Rectangle {
-            color: "#1e1e1e"
-            radius: 10
-            border.color: "#444"
-            border.width: 1
-        }
+        x: (parent.width - width) / 2; y: (parent.height - height) / 2
+        modal: true; standardButtons: Dialog.NoButton
+        background: Rectangle { color: "#1e1e1e"; radius: 10; border.color: "#444"; border.width: 1 }
 
         ColumnLayout {
             spacing: 15
-            
             CheckBox {
-                id: enableLoggingCheck
-                text: "Save Ventilation Data"
-                checked: VentCore.is_logging
-                contentItem: Text { text: parent.text; color: "white"; font.pixelSize: 16; leftPadding: parent.indicator.width + parent.spacing; verticalAlignment: Text.AlignVCenter }
+                id: enableLoggingCheck; text: "Save Ventilation Data"; checked: VentCore.is_logging
+                contentItem: Text { text: parent.text; color: "white"; font.pixelSize: 16
+                                    leftPadding: parent.indicator.width + parent.spacing
+                                    verticalAlignment: Text.AlignVCenter }
             }
-            
             RowLayout {
                 Text { text: "File Name:"; color: "gray"; font.pixelSize: 14 }
                 TextField {
-                    id: logFilenameField
-                    text: VentCore.log_filename
-                    color: "white"
+                    id: logFilenameField; text: VentCore.log_filename; color: "white"
                     background: Rectangle { color: "#333"; radius: 5 }
                     Layout.fillWidth: true
                 }
             }
-            
             RowLayout {
                 Text { text: "Max Rows Limit:"; color: "gray"; font.pixelSize: 14 }
-                SpinBox {
-                    id: logLimitSpin
-                    value: VentCore.log_limit
-                    from: 1000
-                    to: 1000000
-                    stepSize: 1000
-                    editable: true
-                }
+                SpinBox { id: logLimitSpin; value: VentCore.log_limit; from: 1000; to: 1000000; stepSize: 1000; editable: true }
             }
-            
             RowLayout {
-                Layout.alignment: Qt.AlignHCenter
-                spacing: 20
+                Layout.alignment: Qt.AlignHCenter; spacing: 20
                 Button {
                     text: "Save Settings"
                     background: Rectangle { color: "white"; radius: 5 }
                     contentItem: Text { text: parent.text; color: "black"; font.bold: true; horizontalAlignment: Text.AlignHCenter }
                     onClicked: {
                         VentCore.log_filename = logFilenameField.text
-                        VentCore.log_limit = logLimitSpin.value
-                        VentCore.is_logging = enableLoggingCheck.checked
+                        VentCore.log_limit    = logLimitSpin.value
+                        VentCore.is_logging   = enableLoggingCheck.checked
                         loggingDialog.close()
                     }
                 }
@@ -398,8 +413,8 @@ ApplicationWindow {
                     contentItem: Text { text: parent.text; color: "white"; font.bold: true; horizontalAlignment: Text.AlignHCenter }
                     onClicked: {
                         enableLoggingCheck.checked = VentCore.is_logging
-                        logFilenameField.text = VentCore.log_filename
-                        logLimitSpin.value = VentCore.log_limit
+                        logFilenameField.text      = VentCore.log_filename
+                        logLimitSpin.value         = VentCore.log_limit
                         loggingDialog.close()
                     }
                 }
@@ -407,8 +422,11 @@ ApplicationWindow {
         }
     }
 
+    // ظ¤ظ¤ Signal Connections ظ¤ظ¤ظ¤ظ¤ظ¤ظ¤ظ¤ظ¤ظ¤ظ¤ظ¤ظ¤ظ¤ظ¤ظ¤ظ¤ظ¤ظ¤ظ¤ظ¤ظ¤ظ¤ظ¤ظ¤ظ¤ظ¤ظ¤ظ¤ظ¤ظ¤ظ¤ظ¤ظ¤ظ¤ظ¤ظ¤ظ¤ظ¤ظ¤ظ¤ظ¤ظ¤ظ¤ظ¤ظ¤ظ¤ظ¤ظ¤ظ¤ظ¤ظ¤
     Connections {
         target: VentCore
+
+        // Raw telemetry ظْ charts (unchanged)
         function onTelemetry_updated(time, pressure, volume, flow, calc_flow) {
             pressureSeries.append(time, pressure)
             volumeSeries.append(time, volume)
@@ -416,34 +434,36 @@ ApplicationWindow {
             calcFlowSeries.append(time, calc_flow)
 
             if (time > 15) {
-                axisX_P.min = time - 15; axisX_P.max = time;
-                axisX_V.min = time - 15; axisX_V.max = time;
-                axisX_F.min = time - 15; axisX_F.max = time;
-                
+                axisX_P.min = time - 15;  axisX_P.max = time
+                axisX_V.min = time - 15;  axisX_V.max = time
+                axisX_F.min = time - 15;  axisX_F.max = time
                 if (pressureSeries.count > 300) {
-                    pressureSeries.remove(0)
-                    volumeSeries.remove(0)
-                    flowSeries.remove(0)
-                    calcFlowSeries.remove(0)
+                    pressureSeries.remove(0);  volumeSeries.remove(0)
+                    flowSeries.remove(0);      calcFlowSeries.remove(0)
                 }
             }
         }
-        function onMl_diagnostic_updated(status) {
-            mlStatus.text = status
+
+        // ML prediction ظْ diagnostic panel
+        function onMl_prediction_updated(label, color, confidence,
+                                          probNormal, probObstr, probRestr) {
+            mlAccent.color           = color
+            mlLabel.text             = label
+            mlConfidence.text        = "Confidence: " + Math.round(confidence * 100)
+                                       + "%   (3-breath rolling vote)"
+            barNormal.prob           = probNormal
+            barObstructive.prob      = probObstr
+            barRestrictive.prob      = probRestr
+            badgePulse.start()
         }
     }
 
-    // --- Virtual Touchscreen Keyboard ---
+    // ظ¤ظ¤ Virtual Touchscreen Keyboard ظ¤ظ¤ظ¤ظ¤ظ¤ظ¤ظ¤ظ¤ظ¤ظ¤ظ¤ظ¤ظ¤ظ¤ظ¤ظ¤ظ¤ظ¤ظ¤ظ¤ظ¤ظ¤ظ¤ظ¤ظ¤ظ¤ظ¤ظ¤ظ¤ظ¤ظ¤ظ¤ظ¤ظ¤ظ¤ظ¤ظ¤ظ¤ظ¤ظ¤ظ¤
     InputPanel {
         id: inputPanel
-        parent: Overlay.overlay
-        z: 9999
-        // Explicitly use mainWindow dimensions to prevent the keyboard from collapsing to 0x0
+        parent: Overlay.overlay; z: 9999
         width: mainWindow.width
         y: active ? mainWindow.height - height : mainWindow.height
-        
-        Behavior on y {
-            NumberAnimation { duration: 250; easing.type: Easing.InOutQuad }
-        }
+        Behavior on y { NumberAnimation { duration: 250; easing.type: Easing.InOutQuad } }
     }
-}
\ No newline at end of file
+}
diff --git a/Code/ui/main.py b/Code/ui/main.py
index 058a8d2..fac9bcf 100644
--- a/Code/ui/main.py
+++ b/Code/ui/main.py
@@ -5,8 +5,9 @@ import re
 import serial
 import serial.tools.list_ports
 import csv
+import pickle
+import numpy as np
 from collections import deque
-import os
 
 # Enable the built-in Qt On-Screen Virtual Keyboard for touchscreens
 os.environ["QT_IM_MODULE"] = "qtvirtualkeyboard"
@@ -15,27 +16,159 @@ from PySide6.QtCore import QObject, Signal, Slot, Property, QThread, QTimer, Qt
 from PySide6.QtWidgets import QApplication
 from PySide6.QtQml import QQmlApplicationEngine
 
+# ظ¤ظ¤ Import feature extractor from the ML sub-package ظ¤ظ¤ظ¤ظ¤ظ¤ظ¤ظ¤ظ¤ظ¤ظ¤ظ¤ظ¤ظ¤ظ¤ظ¤ظ¤ظ¤ظ¤ظ¤ظ¤ظ¤ظ¤ظ¤ظ¤ظ¤
+# Layout:  <project_root>/ML/pressure_classifier.py
+#          <project_root>/ML/weights/pressure_models.pkl
+_THIS_DIR    = os.path.dirname(os.path.abspath(__file__))
+_ML_DIR      = os.path.join(_THIS_DIR,"..", "ML")
+sys.path.insert(0, _ML_DIR)
+from pressure_classifier import extract_pressure_features   # pure function, no side-effects
+
+WEIGHTS_PATH = os.path.join(_ML_DIR, "weights", "pressure_models.pkl")
+
+# ظ¤ظ¤ Breath segmentation constants (must match training) ظ¤ظ¤ظ¤ظ¤ظ¤ظ¤ظ¤ظ¤ظ¤ظ¤ظ¤ظ¤ظ¤ظ¤ظ¤ظ¤ظ¤ظ¤ظ¤ظ¤ظ¤ظ¤ظ¤
+VOL_RESET_THR = 5.0     # mL     ظ¤ volume below this marks a breath boundary
+SPIKE_THR     = 100.0   # cmH2O  ظ¤ reject breath if |P| exceeds this
+MIN_SEG_LEN   = 6       # samples ظ¤ discard shorter segments
+N_VOTE        = 3       # rolling majority-vote window (breaths)
+
+
+# ظـظـظـظـظـظـظـظـظـظـظـظـظـظـظـظـظـظـظـظـظـظـظـظـظـظـظـظـظـظـظـظـظـظـظـظـظـظـظـظـظـظـظـظـظـظـظـظـظـظـظـظـظـظـظـظـظـظـظـظـظـظـظـظـظـظـظـظـظـظـظـظـظـظـظـظـظـظـظـ
+# ML CLASSIFIER
+# ظـظـظـظـظـظـظـظـظـظـظـظـظـظـظـظـظـظـظـظـظـظـظـظـظـظـظـظـظـظـظـظـظـظـظـظـظـظـظـظـظـظـظـظـظـظـظـظـظـظـظـظـظـظـظـظـظـظـظـظـظـظـظـظـظـظـظـظـظـظـظـظـظـظـظـظـظـظـظـ
+
+class MLClassifier(QObject):
+    """
+    Accumulates live pressure + volume samples, detects each complete breath
+    cycle via the Volume-reset boundary, extracts the same 20 pressure features
+    used during training, runs the Random Forest pipeline, and emits the result.
+
+    Signals
+    ظ¤ظ¤ظ¤ظ¤ظ¤ظ¤ظ¤
+    prediction_ready(label:str, color:str, confidence:float,
+                     prob_normal:float, prob_obstr:float, prob_restr:float)
+    """
+
+    prediction_ready = Signal(str, str, float, float, float, float)
+
+    _COLORS = {
+        "Normal":      "#2ecc71",
+        "Obstructive": "#e74c3c",
+        "Restrictive": "#3498db",
+    }
+
+    def __init__(self, parent=None):
+        super().__init__(parent)
+        self._model        = None
+        self._le           = None
+        self._feat_cols    = None
+        self._ready        = False
+        self._vote_buf     = deque(maxlen=N_VOTE)
+        self._breath_count = 0
+        self._pres_buf     = []
+        self._in_breath    = False
+        self._load_weights()
+
+    def _load_weights(self):
+        if not os.path.exists(WEIGHTS_PATH):
+            print(f"[ML] Weights not found: {WEIGHTS_PATH}")
+            return
+        try:
+            with open(WEIGHTS_PATH, "rb") as f:
+                w = pickle.load(f)
+            self._model     = w["models"][w["best_model"]]
+            self._le        = w["label_encoder"]
+            self._feat_cols = w["feature_cols"]
+            self._ready     = True
+            print(f"[ML] Loaded '{w['best_model']}' ظ¤ "
+                  f"classes: {list(self._le.classes_)}, "
+                  f"features: {len(self._feat_cols)}")
+        except Exception as e:
+            print(f"[ML] Failed to load weights: {e}")
+
+    def push_sample(self, pressure: float, volume: float):
+        """Feed one telemetry sample. Called on the main thread ظ¤ very fast."""
+        if not self._ready:
+            return
+
+        if volume > VOL_RESET_THR:
+            self._in_breath = True
+            self._pres_buf.append(pressure)
+        elif self._in_breath:
+            # Volume just reset ظْ breath is complete
+            self._in_breath = False
+            self._classify_breath()
+            self._pres_buf = []
+
+    def _classify_breath(self):
+        pres = np.array(self._pres_buf, dtype=float)
+
+        if len(pres) < MIN_SEG_LEN:
+            return
+        if pres.max() > SPIKE_THR or pres.min() < -SPIKE_THR:
+            print(f"[ML] Spike rejected (max={pres.max():.1f} cmH2O)")
+            return
+
+        try:
+            feats = extract_pressure_features(pres)
+            X     = np.array([[feats[c] for c in self._feat_cols]])
+        except Exception as e:
+            print(f"[ML] Feature extraction error: {e}")
+            return
+
+        try:
+            enc        = self._model.predict(X)[0]
+            proba      = self._model.predict_proba(X)[0]
+            raw_label  = self._le.inverse_transform([enc])[0]
+            confidence = float(proba[enc])
+        except Exception as e:
+            print(f"[ML] Inference error: {e}")
+            return
+
+        # Rolling majority vote for stability across noisy breaths
+        self._vote_buf.append(raw_label)
+        voted_label = raw_label
+        if len(self._vote_buf) == N_VOTE:
+            from collections import Counter
+            voted_label = Counter(self._vote_buf).most_common(1)[0][0]
+
+        self._breath_count += 1
+        color   = self._COLORS.get(voted_label, "#ffcc00")
+        classes = list(self._le.classes_)
+        def _p(cls): return float(proba[classes.index(cls)]) if cls in classes else 0.0
+
+        print(f"[ML] Breath #{self._breath_count}: {voted_label} "
+              f"({confidence*100:.1f}%)  vote={list(self._vote_buf)}")
+
+        self.prediction_ready.emit(
+            voted_label, color, confidence,
+            _p("Normal"), _p("Obstructive"), _p("Restrictive"),
+        )
+
+
+# ظـظـظـظـظـظـظـظـظـظـظـظـظـظـظـظـظـظـظـظـظـظـظـظـظـظـظـظـظـظـظـظـظـظـظـظـظـظـظـظـظـظـظـظـظـظـظـظـظـظـظـظـظـظـظـظـظـظـظـظـظـظـظـظـظـظـظـظـظـظـظـظـظـظـظـظـظـظـظـ
+# SERIAL READER
+# ظـظـظـظـظـظـظـظـظـظـظـظـظـظـظـظـظـظـظـظـظـظـظـظـظـظـظـظـظـظـظـظـظـظـظـظـظـظـظـظـظـظـظـظـظـظـظـظـظـظـظـظـظـظـظـظـظـظـظـظـظـظـظـظـظـظـظـظـظـظـظـظـظـظـظـظـظـظـظـ
+
 class SerialReader(QThread):
-    """Background thread to read real Arduino telemetry without lagging the UI."""
-    new_data = Signal(float, float, float, float, float) # time, pressure, volume, flow, calc_flow
+    """Background thread to read Arduino telemetry without blocking the UI."""
+    new_data = Signal(float, float, float, float, float)  # t, pressure, volume, flow, calc_flow
 
     def __init__(self, port):
         super().__init__()
-        self.port = port
-        self.running = True
+        self.port       = port
+        self.running    = True
         self.start_time = time.time()
-        
-        # Exact regex from your telemetry_visualizer.py
-        self.re_flow = re.compile(r'Flow=([-\d.]+)')
+        self.re_flow      = re.compile(r'Flow=([-\d.]+)')
         self.re_calc_flow = re.compile(r'CalcFlow=([-\d.]+)')
-        self.re_vol = re.compile(r'Vol=([-\d.]+)')
-        self.re_pressure = re.compile(r'Pressure=([-\d.]+)')
+        self.re_vol       = re.compile(r'Vol=([-\d.]+)')
+        self.re_pressure  = re.compile(r'Pressure=([-\d.]+)')
 
     def run(self):
         try:
-            # write_timeout=0.2 is the magic key that prevents the UI from freezing!
-            self.arduino = serial.Serial(self.port, 115200, timeout=0.1, write_timeout=0.2)
-            time.sleep(2) # Wait for arduino reset
+            self.arduino = serial.Serial(self.port, 115200,
+                                         timeout=0.1, write_timeout=0.2)
+            time.sleep(2)
             self.arduino.reset_input_buffer()
             print(f"[SYSTEM] Live Telemetry Thread linked to {self.port}")
         except Exception as e:
@@ -47,66 +180,74 @@ class SerialReader(QThread):
                 if self.arduino.in_waiting:
                     line = self.arduino.readline().decode('utf-8', errors='ignore').strip()
                     if line:
-                        # Extract data via Regex
-                        f_match = self.re_flow.search(line)
+                        f_match  = self.re_flow.search(line)
                         cf_match = self.re_calc_flow.search(line)
-                        v_match = self.re_vol.search(line)
-                        p_match = self.re_pressure.search(line)
-
+                        v_match  = self.re_vol.search(line)
+                        p_match  = self.re_pressure.search(line)
                         if f_match and v_match:
-                            flow = float(f_match.group(1))
+                            flow      = float(f_match.group(1))
                             calc_flow = float(cf_match.group(1)) if cf_match else 0.0
-                            vol = float(v_match.group(1))
-                            pressure = float(p_match.group(1)) if p_match else 0.0
-                            t = time.time() - self.start_time # seconds for graph X-axis
-
+                            vol       = float(v_match.group(1))
+                            pressure  = float(p_match.group(1)) if p_match else 0.0
+                            t         = time.time() - self.start_time
                             self.new_data.emit(t, pressure, vol, flow, calc_flow)
             except Exception:
                 pass
-            time.sleep(0.005) # Yield thread
+            time.sleep(0.005)
 
     def send_cmd(self, cmd_string):
-        """Thread-safe command sending with freeze-protection."""
         if hasattr(self, 'arduino') and self.arduino and self.arduino.is_open:
             try:
                 print(f"Serial Tx -> {cmd_string}")
                 self.arduino.write((cmd_string + "\n").encode('utf-8'))
             except serial.SerialTimeoutException:
-                print("[WARNING] Arduino busy! Dropped command to prevent UI freeze.")
+                print("[WARNING] Arduino busy! Dropped command.")
             except Exception as e:
                 print(f"[ERROR] Tx Failed: {e}")
 
+
+# ظـظـظـظـظـظـظـظـظـظـظـظـظـظـظـظـظـظـظـظـظـظـظـظـظـظـظـظـظـظـظـظـظـظـظـظـظـظـظـظـظـظـظـظـظـظـظـظـظـظـظـظـظـظـظـظـظـظـظـظـظـظـظـظـظـظـظـظـظـظـظـظـظـظـظـظـظـظـظـ
+# VENTILATOR CORE
+# ظـظـظـظـظـظـظـظـظـظـظـظـظـظـظـظـظـظـظـظـظـظـظـظـظـظـظـظـظـظـظـظـظـظـظـظـظـظـظـظـظـظـظـظـظـظـظـظـظـظـظـظـظـظـظـظـظـظـظـظـظـظـظـظـظـظـظـظـظـظـظـظـظـظـظـظـظـظـظـ
+
 class VentilatorCore(QObject):
-    telemetry_updated = Signal(float, float, float, float, float) 
-    ml_diagnostic_updated = Signal(str)
-    
-    rr_changed = Signal()
-    tidal_volume_changed = Signal()
-    mode_changed = Signal()
-    ie_ratio_changed = Signal()
-    target_pip_changed = Signal()
 
-    is_logging_changed = Signal()
+    # Raw telemetry for charts
+    telemetry_updated = Signal(float, float, float, float, float)
+
+    # ML result ظ¤ consumed by the QML diagnostic panel
+    # Args: label, hex_color, confidence, prob_normal, prob_obstr, prob_restr
+    ml_prediction_updated = Signal(str, str, float, float, float, float)
+
+    rr_changed           = Signal()
+    tidal_volume_changed = Signal()
+    mode_changed         = Signal()
+    ie_ratio_changed     = Signal()
+    target_pip_changed   = Signal()
+    is_logging_changed   = Signal()
     log_filename_changed = Signal()
-    log_limit_changed = Signal()
+    log_limit_changed    = Signal()
 
     def __init__(self):
         super().__init__()
-        self._rr = 15
+        self._rr           = 15
         self._tidal_volume = 400
-        self._mode = "VCV"
-        self._ie_ratio = "1:2"
-        self._target_pip = 20
-        
-        self._is_logging = False
+        self._mode         = "VCV"
+        self._ie_ratio     = "1:2"
+        self._target_pip   = 20
+        self._is_logging   = False
         self._log_filename = os.path.expanduser("~/vent_data.csv")
-        self._log_limit = 10000
-        self.log_buffer = deque(maxlen=self._log_limit)
-        
+        self._log_limit    = 10000
+        self.log_buffer    = deque(maxlen=self._log_limit)
+
         self.log_timer = QTimer(self)
         self.log_timer.timeout.connect(self._flush_log)
         self.log_timer.start(5000)
 
+        # ML classifier ظ¤ loads weights at startup, emits directly to QML signal
+        self.classifier = MLClassifier(self)
+        self.classifier.prediction_ready.connect(self.ml_prediction_updated)
+
         self.reader = None
         self.connect_arduino()
 
@@ -114,25 +255,28 @@ class VentilatorCore(QObject):
         ports = list(serial.tools.list_ports.comports())
         for p in ports:
             if "Arduino" in p.description or "ttyACM" in p.device:
-                # Initialize the threaded reader
                 self.reader = SerialReader(p.device)
                 self.reader.new_data.connect(self._on_telemetry_updated)
                 self.reader.start()
                 return
         print("[SYSTEM] No Arduino found.")
 
-    def _on_telemetry_updated(self, t, p, v, f, cf):
-        self.telemetry_updated.emit(t, p, v, f, cf)
+    def _on_telemetry_updated(self, t, pressure, volume, flow, calc_flow):
+        self.telemetry_updated.emit(t, pressure, volume, flow, calc_flow)
+        self.classifier.push_sample(pressure, volume)          # ظ ML inference
         if self._is_logging:
-            self.log_buffer.append([t, p, v, f, cf, self._mode, self._rr, self._tidal_volume, self._ie_ratio, self._target_pip])
+            self.log_buffer.append([t, pressure, volume, flow, calc_flow,
+                                     self._mode, self._rr, self._tidal_volume,
+                                     self._ie_ratio, self._target_pip])
 
     def _flush_log(self):
         if not self._is_logging or not self.log_buffer:
             return
         try:
-            with open(self._log_filename, 'w', newline='') as file:
-                writer = csv.writer(file)
-                writer.writerow(["Time", "Pressure", "Volume", "PhysicalFlow", "CalcFlow", "Mode", "RR", "TV", "IERatio", "PIP"])
+            with open(self._log_filename, 'w', newline='') as f:
+                writer = csv.writer(f)
+                writer.writerow(["Time", "Pressure", "Volume", "PhysicalFlow",
+                                  "CalcFlow", "Mode", "RR", "TV", "IERatio", "PIP"])
                 writer.writerows(self.log_buffer)
         except Exception as e:
             print(f"[ERROR] Failed to save log: {e}")
@@ -141,22 +285,19 @@ class VentilatorCore(QObject):
         if self.reader:
             self.reader.send_cmd(cmd)
 
-    # --- System Control Slots ---
     @Slot()
     def startVentilation(self): self.send_command("S")
     @Slot()
-    def stopVentilation(self): self.send_command("X")
+    def stopVentilation(self):  self.send_command("X")
     @Slot()
-    def emergencyStop(self): self.send_command("E")
+    def emergencyStop(self):    self.send_command("E")
     @Slot()
-    def calibrateHome(self): self.send_command("H")
+    def calibrateHome(self):    self.send_command("H")
     @Slot()
-    def exitApp(self): 
-        print("[SYSTEM] Exiting UI from Kiosk button.")
+    def exitApp(self):
         self.shutdown()
         os._exit(0)
 
-    # --- Properties and Serial Translation ---
     @Property(str, notify=mode_changed)
     def mode(self): return self._mode
     @mode.setter
@@ -190,8 +331,7 @@ class VentilatorCore(QObject):
     def ie_ratio(self, value):
         if self._ie_ratio != value:
             self._ie_ratio = value
-            ratio_val = int(value.split(":")[1]) * 10
-            self.send_command(f"R{ratio_val}")
+            self.send_command(f"R{int(value.split(':')[1]) * 10}")
             self.ie_ratio_changed.emit()
 
     @Property(int, notify=target_pip_changed)
@@ -210,7 +350,7 @@ class VentilatorCore(QObject):
         if self._is_logging != value:
             self._is_logging = value
             self.is_logging_changed.emit()
-            if value: print(f"[LOG] Started logging to {self._log_filename}")
+            if value: print(f"[LOG] Logging to {self._log_filename}")
 
     @Property(str, notify=log_filename_changed)
     def log_filename(self): return self._log_filename
@@ -226,28 +366,29 @@ class VentilatorCore(QObject):
     def log_limit(self, value):
         if self._log_limit != value:
             self._log_limit = value
-            # Recreate deque with new limit, copying existing data
-            new_buffer = deque(self.log_buffer, maxlen=value)
-            self.log_buffer = new_buffer
+            self.log_buffer = deque(self.log_buffer, maxlen=value)
             self.log_limit_changed.emit()
 
     def shutdown(self):
-        """Gracefully stop background threads when the app closes."""
         if self.reader:
             self.reader.running = False
             self.reader.wait(1000)
 
+
+# ظـظـظـظـظـظـظـظـظـظـظـظـظـظـظـظـظـظـظـظـظـظـظـظـظـظـظـظـظـظـظـظـظـظـظـظـظـظـظـظـظـظـظـظـظـظـظـظـظـظـظـظـظـظـظـظـظـظـظـظـظـظـظـظـظـظـظـظـظـظـظـظـظـظـظـظـظـظـظـ
+# ENTRY POINT
+# ظـظـظـظـظـظـظـظـظـظـظـظـظـظـظـظـظـظـظـظـظـظـظـظـظـظـظـظـظـظـظـظـظـظـظـظـظـظـظـظـظـظـظـظـظـظـظـظـظـظـظـظـظـظـظـظـظـظـظـظـظـظـظـظـظـظـظـظـظـظـظـظـظـظـظـظـظـظـظـ
+
 if __name__ == "__main__":
     app = QApplication(sys.argv)
     app.setOverrideCursor(Qt.BlankCursor)
     engine = QQmlApplicationEngine()
-    
+
     vent_core = VentilatorCore()
     engine.rootContext().setContextProperty("VentCore", vent_core)
     app.aboutToQuit.connect(vent_core.shutdown)
-    
-    current_dir = os.path.dirname(os.path.abspath(__file__))
-    qml_file = os.path.join(current_dir, "dashboard.qml")
+
+    qml_file = os.path.join(os.path.dirname(os.path.abspath(__file__)), "dashboard.qml")
     engine.load(qml_file)
     if not engine.rootObjects():
         sys.exit(-1)
